,matchId,teamId,minutes_remaining,score_differential,goals_scored,player_differential,own_yellow_cards,opposition_yellow_cards,is_home_team,avg_team_xt,avg_opp_xt,running_xt_differential,scored_goal_after,time_interval
3100,2499737,1610,97,0,0,0,0,0,0,2.914338809999986,1.9980213799999889,0.015642325600000066,0.0101010101010101,1
3196,2499737,1624,97,0,0,0,0,0,1,1.9980213799999889,2.914338809999986,0.01137623680000004,0.0,1
3099,2499737,1610,96,0,0,0,0,0,0,2.914338809999986,1.9980213799999889,0.0099990663999999,0.010204081632653,2
3195,2499737,1624,96,0,0,0,0,0,1,1.9980213799999889,2.914338809999986,0.01147951959999988,0.0,2
3098,2499737,1610,95,0,0,0,0,0,0,2.914338809999986,1.9980213799999889,-0.001781362499999925,0.0103092783505154,3
3194,2499737,1624,95,0,0,0,0,0,1,1.9980213799999889,2.914338809999986,-0.00024964121052627376,0.0,3
3097,2499737,1610,94,0,0,0,0,0,0,2.914338809999986,1.9980213799999889,0.041998191600000054,0.0104166666666666,4
3193,2499737,1624,94,0,0,0,0,0,1,1.9980213799999889,2.914338809999986,0.036596255,0.0,4
3096,2499737,1610,93,0,0,0,0,0,0,2.914338809999986,1.9980213799999889,0.09860654885714278,0.0105263157894736,5
3192,2499737,1624,93,0,0,0,0,0,1,1.9980213799999889,2.914338809999986,0.07921230399999991,0.0,5
3095,2499737,1610,92,0,0,0,0,0,0,2.914338809999986,1.9980213799999889,-0.007014625,0.0106382978723404,6
3191,2499737,1624,92,0,0,0,0,0,1,1.9980213799999889,2.914338809999986,-0.01736483074999995,0.0,6
3094,2499737,1610,91,0,0,0,0,0,0,2.914338809999986,1.9980213799999889,0.0006120653333333325,0.010752688172043,7
3190,2499737,1624,91,0,0,0,0,0,1,1.9980213799999889,2.914338809999986,-0.0018538706153846162,0.0,7
3093,2499737,1610,90,0,0,0,0,0,0,2.914338809999986,1.9980213799999889,0.003575349000000033,0.0108695652173913,8
3189,2499737,1624,90,0,0,0,0,0,1,1.9980213799999889,2.914338809999986,0.005564151681818222,0.0,8
3092,2499737,1610,89,0,0,0,0,0,0,2.914338809999986,1.9980213799999889,0.002026705500000025,0.0109890109890109,9
3188,2499737,1624,89,0,0,0,0,0,1,1.9980213799999889,2.914338809999986,0.001393514857142938,0.0,9
3091,2499737,1610,88,0,0,0,0,0,0,2.914338809999986,1.9980213799999889,0.0039326004999998745,0.0111111111111111,10
3187,2499737,1624,88,0,0,0,0,0,1,1.9980213799999889,2.914338809999986,0.004340942624999893,0.0,10
3090,2499737,1610,87,0,0,0,0,0,0,2.914338809999986,1.9980213799999889,0.0124674225999999,0.0112359550561797,11
3186,2499737,1624,87,0,0,0,0,0,1,1.9980213799999889,2.914338809999986,0.0105826517499999,0.0,11
3089,2499737,1610,86,0,0,0,0,0,0,2.914338809999986,1.9980213799999889,0.0014010649999999746,0.0113636363636363,12
3185,2499737,1624,86,0,0,0,0,0,1,1.9980213799999889,2.914338809999986,-0.0014828190000000217,0.0,12
3088,2499737,1610,85,0,0,0,0,0,0,2.914338809999986,1.9980213799999889,-0.002289248999999975,0.0114942528735632,13
3184,2499737,1624,85,0,0,0,0,0,1,1.9980213799999889,2.914338809999986,-0.001890249090909032,0.0,13
3087,2499737,1610,84,0,0,0,0,0,0,2.914338809999986,1.9980213799999889,0.007851685714285628,0.0116279069767441,14
3183,2499737,1624,84,0,0,0,0,0,1,1.9980213799999889,2.914338809999986,0.008816311764705794,0.0,14
3086,2499737,1610,83,0,0,0,0,0,0,2.914338809999986,1.9980213799999889,0.0095792881249999,0.0117647058823529,15
3182,2499737,1624,83,0,0,0,0,0,1,1.9980213799999889,2.914338809999986,0.0065102499999999,0.0,15
3085,2499737,1610,82,0,0,0,0,0,0,2.914338809999986,1.9980213799999889,-0.0024802656666666678,0.0119047619047619,16
3181,2499737,1624,82,0,0,0,0,0,1,1.9980213799999889,2.914338809999986,-0.004640625181818182,0.0,16
3084,2499737,1610,81,0,0,0,0,0,0,2.914338809999986,1.9980213799999889,-0.003894300857142757,0.0120481927710843,17
3180,2499737,1624,81,0,0,0,0,0,1,1.9980213799999889,2.914338809999986,-0.0005418011249999628,0.0,17
3083,2499737,1610,80,0,0,0,0,0,0,2.914338809999986,1.9980213799999889,-0.0038655057272727095,0.0121951219512195,18
3179,2499737,1624,80,0,0,0,0,0,1,1.9980213799999889,2.914338809999986,-0.00030078920000002054,0.0,18
3082,2499737,1610,79,0,0,0,0,0,0,2.914338809999986,1.9980213799999889,0.0034354399999999194,0.0123456790123456,19
3178,2499737,1624,79,0,0,0,0,0,1,1.9980213799999889,2.914338809999986,0.006696939466666607,0.0,19
3081,2499737,1610,78,0,0,0,0,0,0,2.914338809999986,1.9980213799999889,-0.004546817333333334,0.0125,20
3177,2499737,1624,78,0,0,0,0,0,1,1.9980213799999889,2.914338809999986,0.0065859503999999,0.0,20
3080,2499737,1610,77,0,0,0,0,0,0,2.914338809999986,1.9980213799999889,-0.0161591775999999,0.0126582278481012,21
3176,2499737,1624,77,0,0,0,0,0,1,1.9980213799999889,2.914338809999986,-0.0117399329999999,0.0,21
3079,2499737,1610,76,0,0,0,0,0,0,2.914338809999986,1.9980213799999889,-4.292720000002111e-05,0.0128205128205128,22
3175,2499737,1624,76,0,0,0,0,0,1,1.9980213799999889,2.914338809999986,-2.1111584702637742e-17,0.0,22
3078,2499737,1610,75,0,0,0,0,0,0,2.914338809999986,1.9980213799999889,0.0,0.0129870129870129,23
3174,2499737,1624,75,0,0,0,0,0,1,1.9980213799999889,2.914338809999986,0.0,0.0,23
3077,2499737,1610,74,0,0,0,0,0,0,2.914338809999986,1.9980213799999889,0.0,0.0131578947368421,24
3173,2499737,1624,74,0,0,0,0,0,1,1.9980213799999889,2.914338809999986,0.0,0.0,24
3076,2499737,1610,73,0,0,0,0,0,0,2.914338809999986,1.9980213799999889,0.0012464911999999994,0.0133333333333333,25
3172,2499737,1624,73,0,0,0,0,0,1,1.9980213799999889,2.914338809999986,0.0019476424999999998,0.0,25
3075,2499737,1610,72,0,0,0,0,0,0,2.914338809999986,1.9980213799999889,-0.0006988760000000501,0.0135135135135135,26
3171,2499737,1624,72,0,0,0,0,0,1,1.9980213799999889,2.914338809999986,0.0005766174999999,0.0,26
3074,2499737,1610,71,0,0,0,0,0,0,2.914338809999986,1.9980213799999889,-0.001240351,0.0136986301369863,27
3170,2499737,1624,71,0,0,0,0,0,1,1.9980213799999889,2.914338809999986,-0.0008592380000000007,0.0,27
3073,2499737,1610,70,0,0,0,0,0,0,2.914338809999986,1.9980213799999889,-0.0005687651666666171,0.0138888888888888,28
3169,2499737,1624,70,0,0,0,0,0,1,1.9980213799999889,2.914338809999986,-0.001253604857142779,0.0,28
3072,2499737,1610,69,0,0,0,0,0,0,2.914338809999986,1.9980213799999889,0.04318436133333328,0.0140845070422535,29
3168,2499737,1624,69,0,0,0,0,0,1,1.9980213799999889,2.914338809999986,0.08368183884210519,0.0,29
3071,2499737,1610,68,0,0,0,0,0,0,2.914338809999986,1.9980213799999889,0.0160520739999999,0.0142857142857142,30
3167,2499737,1624,68,0,0,0,0,0,1,1.9980213799999889,2.914338809999986,0.015533123499999925,0.0,30
3070,2499737,1610,67,0,0,0,1,0,0,2.914338809999986,1.9980213799999889,-0.0015536340909090838,0.0144927536231884,31
3166,2499737,1624,67,0,0,0,1,1,1,1.9980213799999889,2.914338809999986,0.0005222836923076992,0.0,31
3069,2499737,1610,65,0,0,0,1,1,0,2.914338809999986,1.9980213799999889,-0.00010413124999994674,0.0149253731343283,33
3165,2499737,1624,65,0,0,0,1,1,1,1.9980213799999889,2.914338809999986,1.794574999997825e-05,0.0,33
3068,2499737,1610,64,0,0,0,1,1,0,2.914338809999986,1.9980213799999889,0.00036210999999996624,0.0153846153846153,35
3164,2499737,1624,64,0,0,0,1,1,1,1.9980213799999889,2.914338809999986,0.0022801397999999196,0.0,35
3067,2499737,1610,62,0,0,0,1,1,0,2.914338809999986,1.9980213799999889,-4.509375000005022e-05,0.0158730158730158,37
3163,2499737,1624,62,0,0,0,1,1,1,1.9980213799999889,2.914338809999986,-0.0006411304615384926,0.0,37
3066,2499737,1610,61,0,0,0,1,1,0,2.914338809999986,1.9980213799999889,-0.001628774545454547,0.0161290322580645,38
3162,2499737,1624,61,0,0,0,1,1,1,1.9980213799999889,2.914338809999986,-0.00498575054545456,0.0,38
3065,2499737,1610,60,0,0,0,2,1,0,2.914338809999986,1.9980213799999889,0.00154339999999985,0.0163934426229508,39
3161,2499737,1624,60,0,0,0,1,1,1,1.9980213799999889,2.914338809999986,-0.006607984625000175,0.0,39
3064,2499737,1610,59,0,0,0,2,1,0,2.914338809999986,1.9980213799999889,0.0019884304999999002,0.0166666666666666,40
3160,2499737,1624,59,0,0,0,1,2,1,1.9980213799999889,2.914338809999986,0.0028406149999998,0.0,40
3063,2499737,1610,58,0,0,0,2,1,0,2.914338809999986,1.9980213799999889,-0.003460195454545459,0.0169491525423728,41
3159,2499737,1624,58,0,0,0,1,2,1,1.9980213799999889,2.914338809999986,-0.002109134769230785,0.0,41
3062,2499737,1610,57,0,0,0,2,1,0,2.914338809999986,1.9980213799999889,4.342666666666773e-05,0.0172413793103448,42
3158,2499737,1624,57,0,0,0,1,2,1,1.9980213799999889,2.914338809999986,0.0004051466249999724,0.0,42
3061,2499737,1610,56,0,0,0,2,1,0,2.914338809999986,1.9980213799999889,-8.116027691177205e-18,0.0175438596491228,43
3157,2499737,1624,56,0,0,0,1,2,1,1.9980213799999889,2.914338809999986,0.0018995019999999523,0.0,43
3060,2499737,1610,55,0,0,0,2,1,0,2.914338809999986,1.9980213799999889,-0.0007431180000000173,0.0178571428571428,44
3156,2499737,1624,55,0,0,0,1,2,1,1.9980213799999889,2.914338809999986,-0.001344259999999951,0.0,44
3059,2499737,1610,54,0,0,0,2,1,0,2.914338809999986,1.9980213799999889,-0.00015513690909090097,0.0181818181818181,45
3155,2499737,1624,54,0,0,0,1,2,1,1.9980213799999889,2.914338809999986,0.0004345911111110544,0.0,45
3058,2499737,1610,53,0,0,0,2,1,0,2.914338809999986,1.9980213799999889,0.00015200879999998517,0.0185185185185185,46
3154,2499737,1624,53,0,0,0,1,2,1,1.9980213799999889,2.914338809999986,0.0007821510909090484,0.0,46
3057,2499737,1610,52,0,0,0,2,1,0,2.914338809999986,1.9980213799999889,0.0014226378571427709,0.0188679245283018,47
3153,2499737,1624,52,0,0,0,1,2,1,1.9980213799999889,2.914338809999986,0.002116307333333241,0.0,47
3056,2499737,1610,51,0,0,0,2,1,0,2.914338809999986,1.9980213799999889,-0.02078170899999999,0.0192307692307692,48
3152,2499737,1624,51,0,0,0,1,2,1,1.9980213799999889,2.914338809999986,-0.0027478231428571718,0.0,48
3055,2499737,1610,50,0,0,0,2,1,0,2.914338809999986,1.9980213799999889,-0.005827370111111045,0.0196078431372549,49
3151,2499737,1624,50,0,0,0,1,2,1,1.9980213799999889,2.914338809999986,0.002398834999999983,0.0,49
3054,2499737,1610,49,0,0,0,2,1,0,2.914338809999986,1.9980213799999889,0.02254783649999995,0.02,50
3150,2499737,1624,49,0,0,0,1,2,1,1.9980213799999889,2.914338809999986,0.0156651028235294,0.0,50
3053,2499737,1610,48,0,0,0,2,1,0,2.914338809999986,1.9980213799999889,-0.00045433825,0.0204081632653061,51
3149,2499737,1624,48,0,0,0,1,2,1,1.9980213799999889,2.914338809999986,0.0019155247999999598,0.0,51
3052,2499737,1610,47,0,0,0,2,1,0,2.914338809999986,1.9980213799999889,0.0038787297142856424,0.0208333333333333,52
3148,2499737,1624,47,0,0,0,1,2,1,1.9980213799999889,2.914338809999986,0.006287178181818055,0.0,52
3051,2499737,1610,46,0,0,0,2,1,0,2.914338809999986,1.9980213799999889,-0.0027116434999999834,0.0212765957446808,53
3147,2499737,1624,46,0,0,0,1,2,1,1.9980213799999889,2.914338809999986,-0.0007293891250000001,0.0,53
3050,2499737,1610,45,0,0,0,2,1,0,2.914338809999986,1.9980213799999889,-0.0002120988750000002,0.0217391304347826,54
3146,2499737,1624,45,0,0,0,1,2,1,1.9980213799999889,2.914338809999986,0.0013962106874999998,0.0,54
3049,2499737,1610,44,0,0,0,2,2,0,2.914338809999986,1.9980213799999889,-0.0011116298571428288,0.0222222222222222,55
3145,2499737,1624,44,0,0,0,2,2,1,1.9980213799999889,2.914338809999986,-0.0020642579999999833,0.0,55
3048,2499737,1610,43,0,0,0,2,2,0,2.914338809999986,1.9980213799999889,0.02515070999999987,0.0227272727272727,56
3144,2499737,1624,43,0,0,0,2,2,1,1.9980213799999889,2.914338809999986,0.01455226439999992,0.0,56
3047,2499737,1610,42,0,0,0,2,2,0,2.914338809999986,1.9980213799999889,0.025449553333333198,0.0232558139534883,57
3143,2499737,1624,42,0,0,0,2,2,1,1.9980213799999889,2.914338809999986,0.012514224666666622,0.0,57
3046,2499737,1610,41,0,0,0,2,2,0,2.914338809999986,1.9980213799999889,0.0031694724999999,0.0238095238095238,58
3142,2499737,1624,41,0,0,0,2,2,1,1.9980213799999889,2.914338809999986,0.002914306590909009,0.0,58
3045,2499737,1610,40,0,0,0,2,2,0,2.914338809999986,1.9980213799999889,0.00047013080000000984,0.024390243902439,59
3141,2499737,1624,40,0,0,0,2,2,1,1.9980213799999889,2.914338809999986,0.00498005654999994,0.0,59
3044,2499737,1610,39,0,0,0,2,2,0,2.914338809999986,1.9980213799999889,0.019253906749999876,0.025,60
3140,2499737,1624,39,0,0,0,2,2,1,1.9980213799999889,2.914338809999986,0.02580029061538445,0.0,60
3043,2499737,1610,38,0,0,0,2,2,0,2.914338809999986,1.9980213799999889,0.0084099279999999,0.0256410256410256,61
3139,2499737,1624,38,0,0,0,2,2,1,1.9980213799999889,2.914338809999986,0.0017858909999999997,0.0,61
3042,2499737,1610,37,0,0,0,2,2,0,2.914338809999986,1.9980213799999889,0.0005703644000000096,0.0263157894736842,62
3138,2499737,1624,37,0,0,0,2,2,1,1.9980213799999889,2.914338809999986,0.0007977258333333081,0.0,62
3041,2499737,1610,36,0,0,0,2,2,0,2.914338809999986,1.9980213799999889,0.001854767199999929,0.027027027027027,63
3137,2499737,1624,36,0,0,0,2,2,1,1.9980213799999889,2.914338809999986,0.0040233289999998785,0.0,63
3040,2499737,1610,35,0,0,0,2,2,0,2.914338809999986,1.9980213799999889,0.0031649301250000123,0.0277777777777777,64
3136,2499737,1624,35,0,0,0,2,2,1,1.9980213799999889,2.914338809999986,0.006395310285714285,0.0,64
3039,2499737,1610,34,0,0,0,2,2,0,2.914338809999986,1.9980213799999889,0.0031145156363635903,0.0285714285714285,65
3135,2499737,1624,34,0,0,0,2,2,1,1.9980213799999889,2.914338809999986,0.0015354037999999396,0.0,65
3038,2499737,1610,33,0,0,0,2,2,0,2.914338809999986,1.9980213799999889,0.0010294589999999,0.0294117647058823,66
3134,2499737,1624,33,0,0,0,2,2,1,1.9980213799999889,2.914338809999986,-4.7254800000040306e-05,0.0,66
3037,2499737,1610,32,0,0,0,2,2,0,2.914338809999986,1.9980213799999889,0.0005500649999999814,0.03125,68
3133,2499737,1624,32,0,0,0,2,2,1,1.9980213799999889,2.914338809999986,0.0038918127499999087,0.0,68
3036,2499737,1610,31,0,0,0,2,2,0,2.914338809999986,1.9980213799999889,0.010761203999999969,0.032258064516129,69
3132,2499737,1624,31,0,0,0,2,2,1,1.9980213799999889,2.914338809999986,0.012535844307692254,0.0,69
3035,2499737,1610,30,0,0,0,2,2,0,2.914338809999986,1.9980213799999889,-0.009019334999999967,0.0333333333333333,70
3131,2499737,1624,30,0,0,0,2,2,1,1.9980213799999889,2.914338809999986,-0.02077325078571422,0.0,70
3034,2499737,1610,29,0,0,0,2,2,0,2.914338809999986,1.9980213799999889,0.003368703999999933,0.0344827586206896,71
3130,2499737,1624,29,0,0,0,2,2,1,1.9980213799999889,2.914338809999986,0.009345406437499813,0.0,71
3033,2499737,1610,28,0,0,0,2,2,0,2.914338809999986,1.9980213799999889,0.11737969178947365,0.0357142857142857,72
3129,2499737,1624,28,0,0,0,2,2,1,1.9980213799999889,2.914338809999986,0.0747357804444444,0.0,72
3032,2499737,1610,27,0,0,0,2,2,0,2.914338809999986,1.9980213799999889,0.04447144242857139,0.037037037037037,73
3128,2499737,1624,27,0,0,0,2,2,1,1.9980213799999889,2.914338809999986,0.03479251424999996,0.0,73
3031,2499737,1610,26,0,0,0,2,2,0,2.914338809999986,1.9980213799999889,0.0111135759999998,0.0384615384615384,74
3127,2499737,1624,26,0,0,0,2,2,1,1.9980213799999889,2.914338809999986,0.00749398099999983,0.0,74
3030,2499737,1610,25,0,0,0,2,2,0,2.914338809999986,1.9980213799999889,0.0032447174285713137,0.04,75
3126,2499737,1624,25,0,0,0,2,2,1,1.9980213799999889,2.914338809999986,0.002540395888888798,0.0,75
3029,2499737,1610,24,0,0,0,2,2,0,2.914338809999986,1.9980213799999889,0.010550769777777712,0.0416666666666666,76
3125,2499737,1624,24,0,0,0,2,2,1,1.9980213799999889,2.914338809999986,0.0082389786666666,0.0,76
3028,2499737,1610,23,0,0,0,2,2,0,2.914338809999986,1.9980213799999889,0.000448652538461529,0.0434782608695652,77
3124,2499737,1624,23,0,0,0,2,2,1,1.9980213799999889,2.914338809999986,0.004434271555555499,0.0,77
3027,2499737,1610,22,0,0,0,2,2,0,2.914338809999986,1.9980213799999889,0.00010646584615380726,0.0454545454545454,78
3123,2499737,1624,22,0,0,0,2,2,1,1.9980213799999889,2.914338809999986,-0.0004343619999999851,0.0,78
3026,2499737,1610,21,0,0,0,2,2,0,2.914338809999986,1.9980213799999889,0.01752319099999987,0.0476190476190476,79
3122,2499737,1624,21,0,0,0,2,2,1,1.9980213799999889,2.914338809999986,0.02200353683333318,0.0,79
3025,2499737,1610,20,0,0,0,2,2,0,2.914338809999986,1.9980213799999889,0.012478803333333168,0.05,80
3121,2499737,1624,20,0,0,0,2,2,1,1.9980213799999889,2.914338809999986,0.009470725285714115,0.0,80
3024,2499737,1610,19,0,0,0,2,2,0,2.914338809999986,1.9980213799999889,0.004779509599999899,0.0526315789473684,81
3120,2499737,1624,19,0,0,0,2,2,1,1.9980213799999889,2.914338809999986,0.00802519919999986,0.0,81
3023,2499737,1610,18,0,0,0,2,2,0,2.914338809999986,1.9980213799999889,0.003733014333333267,0.0555555555555555,82
3119,2499737,1624,18,0,0,0,2,2,1,1.9980213799999889,2.914338809999986,0.0037381574666666335,0.0,82
3022,2499737,1610,17,0,0,0,2,2,0,2.914338809999986,1.9980213799999889,0.0048917839999999,0.0588235294117647,83
3118,2499737,1624,17,0,0,0,2,2,1,1.9980213799999889,2.914338809999986,0.004708412999999917,0.0,83
3021,2499737,1610,16,0,0,0,2,2,0,2.914338809999986,1.9980213799999889,0.0084176719999998,0.0625,84
3117,2499737,1624,16,0,0,0,2,2,1,1.9980213799999889,2.914338809999986,0.0078079543999998065,0.0,84
3020,2499737,1610,15,0,0,0,2,2,0,2.914338809999986,1.9980213799999889,0.012303848749999876,0.0666666666666666,85
3116,2499737,1624,15,0,0,0,2,2,1,1.9980213799999889,2.914338809999986,0.014760874888888744,0.0,85
3019,2499737,1610,14,0,0,0,2,2,0,2.914338809999986,1.9980213799999889,0.011587360285714199,0.0714285714285714,86
3115,2499737,1624,14,0,0,0,2,2,1,1.9980213799999889,2.914338809999986,0.0163742369999999,0.0,86
3018,2499737,1610,13,0,0,0,2,2,0,2.914338809999986,1.9980213799999889,-0.0054725769999998996,0.0769230769230769,87
3114,2499737,1624,13,0,0,0,2,2,1,1.9980213799999889,2.914338809999986,-0.0074504299999999,0.0,87
3017,2499737,1610,12,0,0,0,2,2,0,2.914338809999986,1.9980213799999889,0.004640026363636327,0.0833333333333333,88
3113,2499737,1624,12,0,0,0,3,2,1,1.9980213799999889,2.914338809999986,0.0054577949999999,0.0,88
3016,2499737,1610,11,0,0,0,2,3,0,2.914338809999986,1.9980213799999889,-0.002026844571428615,0.0909090909090909,89
3112,2499737,1624,11,0,0,0,3,2,1,1.9980213799999889,2.914338809999986,0.00043297399999994723,0.0,89
3015,2499737,1610,10,0,0,0,2,3,0,2.914338809999986,1.9980213799999889,-0.0007099440000000343,0.1,90
3111,2499737,1624,10,0,0,0,3,2,1,1.9980213799999889,2.914338809999986,-0.0012430685000000374,0.0,90
3014,2499737,1610,9,0,0,0,2,3,0,2.914338809999986,1.9980213799999889,0.0012800319999999251,0.1111111111111111,91
3110,2499737,1624,9,0,0,0,3,2,1,1.9980213799999889,2.914338809999986,0.0008895519999999487,0.0,91
3013,2499737,1610,8,0,0,0,3,3,0,2.914338809999986,1.9980213799999889,0.02188472449999991,0.125,92
3109,2499737,1624,8,0,0,0,3,3,1,1.9980213799999889,2.914338809999986,0.011324754249999973,0.0,92
3012,2499737,1610,7,1,1,0,3,3,0,2.914338809999986,1.9980213799999889,0.01928117359999992,0.0,93
3108,2499737,1624,7,-1,0,0,3,3,1,1.9980213799999889,2.914338809999986,0.019397413333333266,0.0,93
3107,2499737,1624,6,-1,0,0,3,3,1,1.9980213799999889,2.914338809999986,0.008982088285714186,0.0,94
3011,2499737,1610,5,1,1,0,3,4,0,2.914338809999986,1.9980213799999889,-0.00455993461538468,0.0,95
3106,2499737,1624,5,-1,0,0,4,3,1,1.9980213799999889,2.914338809999986,-0.015365431058823587,0.0,95
3010,2499737,1610,4,1,1,0,3,4,0,2.914338809999986,1.9980213799999889,0.0034387664999999965,0.0,96
3105,2499737,1624,4,-1,0,0,4,3,1,1.9980213799999889,2.914338809999986,0.0034387665,0.0,96
3009,2499737,1610,3,1,1,0,3,4,0,2.914338809999986,1.9980213799999889,0.007315173666666633,0.0,97
3104,2499737,1624,3,-1,0,0,4,3,1,1.9980213799999889,2.914338809999986,0.007862224499999975,0.0,97
3008,2499737,1610,2,1,1,0,3,4,0,2.914338809999986,1.9980213799999889,0.00067851579999992,0.0,98
3103,2499737,1624,2,-1,0,0,4,3,1,1.9980213799999889,2.914338809999986,0.0005679319999999311,0.0,98
3007,2499737,1610,1,1,1,0,3,4,0,2.914338809999986,1.9980213799999889,-0.0014878011111111335,0.0,99
3102,2499737,1624,1,-1,0,0,4,3,1,1.9980213799999889,2.914338809999986,-0.00010957725000004017,0.0,99
3006,2499737,1610,0,1,1,0,3,4,0,2.914338809999986,1.9980213799999889,0.00030501424999996977,0.0,100
3101,2499737,1624,0,-1,0,0,4,3,1,1.9980213799999889,2.914338809999986,-5.0090140368830305e-17,0.0,100
5903,2499754,1612,100,0,0,0,0,0,0,2.131149432499986,2.768790912499983,0.0009547768421052631,0.0,1
5994,2499754,1625,100,0,0,0,0,0,1,2.768790912499983,2.131149432499986,0.0009406319999999998,0.0505050505050505,1
5902,2499754,1612,99,0,0,0,0,0,0,2.131149432499986,2.768790912499983,0.006209954999999888,0.0,2
5993,2499754,1625,99,0,0,0,0,0,1,2.768790912499983,2.131149432499986,0.00446648159999988,0.0510204081632653,2
5901,2499754,1612,98,0,0,0,0,0,0,2.131149432499986,2.768790912499983,0.0024211244999999,0.0,3
5992,2499754,1625,98,0,0,0,0,0,1,2.768790912499983,2.131149432499986,0.00102802079999997,0.0515463917525773,3
5900,2499754,1612,97,0,0,0,0,0,0,2.131149432499986,2.768790912499983,-0.00034210619999996,0.0,4
5991,2499754,1625,97,0,0,0,0,0,1,2.768790912499983,2.131149432499986,-0.0003258154285713857,0.0520833333333333,4
5899,2499754,1612,96,0,0,0,0,0,0,2.131149432499986,2.768790912499983,-0.0025454561538460767,0.0,5
5990,2499754,1625,96,0,0,0,0,0,1,2.768790912499983,2.131149432499986,0.00020426499999997774,0.0526315789473684,5
5898,2499754,1612,95,0,0,0,0,0,0,2.131149432499986,2.768790912499983,-0.004262181666666567,0.0,6
5989,2499754,1625,95,0,0,0,1,0,1,2.768790912499983,2.131149432499986,-0.003910934666666567,0.0531914893617021,6
5897,2499754,1612,94,0,0,0,0,1,0,2.131149432499986,2.768790912499983,-7.950688888890001e-05,0.0,7
5988,2499754,1625,94,0,0,0,1,0,1,2.768790912499983,2.131149432499986,-0.00137067839999998,0.053763440860215,7
5896,2499754,1612,93,0,0,0,0,1,0,2.131149432499986,2.768790912499983,0.002964272,0.0,8
5987,2499754,1625,93,0,0,0,1,0,1,2.768790912499983,2.131149432499986,0.0009857961666666583,0.0543478260869565,8
5895,2499754,1612,92,0,0,0,0,1,0,2.131149432499986,2.768790912499983,0.0009590337999999599,0.0,9
5986,2499754,1625,92,0,0,0,1,0,1,2.768790912499983,2.131149432499986,0.00036625800000003865,0.0549450549450549,9
5894,2499754,1612,91,0,0,0,0,1,0,2.131149432499986,2.768790912499983,-0.0036649028571428856,0.0,10
5985,2499754,1625,91,0,0,0,1,0,1,2.768790912499983,2.131149432499986,-0.005861295000000014,0.0555555555555555,10
5893,2499754,1612,90,0,0,0,0,1,0,2.131149432499986,2.768790912499983,0.006937758846153754,0.0,11
5984,2499754,1625,90,0,0,0,1,0,1,2.768790912499983,2.131149432499986,0.0052352059999999125,0.0561797752808988,11
5892,2499754,1612,89,0,0,0,0,1,0,2.131149432499986,2.768790912499983,-0.00123984249999995,0.0,12
5983,2499754,1625,89,0,0,0,1,0,1,2.768790912499983,2.131149432499986,0.00020687699999995008,0.0568181818181818,12
5891,2499754,1612,88,0,0,0,0,1,0,2.131149432499986,2.768790912499983,-0.0005339232500000251,0.0,13
5982,2499754,1625,88,0,0,0,1,0,1,2.768790912499983,2.131149432499986,0.00026756499999995375,0.057471264367816,13
5890,2499754,1612,87,0,0,0,0,1,0,2.131149432499986,2.768790912499983,0.0030713436923075843,0.0,14
5981,2499754,1625,87,0,0,0,1,0,1,2.768790912499983,2.131149432499986,-0.0011946689999999252,0.0581395348837209,14
5889,2499754,1612,86,0,0,0,0,1,0,2.131149432499986,2.768790912499983,0.11255497114285698,0.0,15
5980,2499754,1625,86,0,0,0,1,0,1,2.768790912499983,2.131149432499986,0.09900975399999987,0.0588235294117647,15
5888,2499754,1612,85,0,0,0,0,1,0,2.131149432499986,2.768790912499983,0.025553235249999914,0.0,16
5979,2499754,1625,85,0,0,0,1,0,1,2.768790912499983,2.131149432499986,0.02369286992857132,0.0595238095238095,16
5887,2499754,1612,84,0,0,0,0,1,0,2.131149432499986,2.768790912499983,-0.0007836665000000003,0.0,17
5978,2499754,1625,84,0,0,0,1,0,1,2.768790912499983,2.131149432499986,-0.002448436437499975,0.0602409638554216,17
5886,2499754,1612,83,0,0,0,0,1,0,2.131149432499986,2.768790912499983,-0.0007467485714285571,0.0,18
5977,2499754,1625,83,0,0,0,1,0,1,2.768790912499983,2.131149432499986,0.0030031640000000685,0.0609756097560975,18
5885,2499754,1612,82,0,0,0,1,1,0,2.131149432499986,2.768790912499983,-0.0017621203636363414,0.0,19
5976,2499754,1625,82,0,0,0,1,0,1,2.768790912499983,2.131149432499986,-0.002979879249999958,0.0617283950617283,19
5884,2499754,1612,81,0,0,0,1,1,0,2.131149432499986,2.768790912499983,0.003524060999999994,0.0,20
5975,2499754,1625,81,0,0,0,1,1,1,2.768790912499983,2.131149432499986,0.005267452999999999,0.0625,20
5883,2499754,1612,80,0,0,0,1,1,0,2.131149432499986,2.768790912499983,-0.0007505696363636455,0.0,21
5974,2499754,1625,80,0,0,0,1,1,1,2.768790912499983,2.131149432499986,-8.424016666670694e-05,0.0632911392405063,21
5882,2499754,1612,79,0,0,0,1,1,0,2.131149432499986,2.768790912499983,0.000615562999999925,0.0,22
5973,2499754,1625,79,0,0,0,1,1,1,2.768790912499983,2.131149432499986,-0.004016036874999944,0.0641025641025641,22
5881,2499754,1612,78,0,0,0,1,1,0,2.131149432499986,2.768790912499983,-0.0002610442500000177,0.0,23
5972,2499754,1625,78,0,0,0,1,1,1,2.768790912499983,2.131149432499986,-0.0018188624999999376,0.0649350649350649,23
5880,2499754,1612,77,0,0,0,1,1,0,2.131149432499986,2.768790912499983,0.007218951714285672,0.0,24
5971,2499754,1625,77,0,0,0,1,1,1,2.768790912499983,2.131149432499986,0.01370538679999995,0.0657894736842105,24
5879,2499754,1612,76,-1,0,0,1,1,0,2.131149432499986,2.768790912499983,0.017994272,0.0,25
5970,2499754,1625,76,1,1,0,1,1,1,2.768790912499983,2.131149432499986,0.008997136,0.0533333333333333,25
5878,2499754,1612,75,-1,0,0,1,1,0,2.131149432499986,2.768790912499983,0.009290850153846047,0.0,26
5969,2499754,1625,75,1,1,0,1,1,1,2.768790912499983,2.131149432499986,0.0080084739999999,0.054054054054054,26
5877,2499754,1612,74,-1,0,0,1,1,0,2.131149432499986,2.768790912499983,-0.000818731777777844,0.0,27
5968,2499754,1625,74,1,1,0,1,1,1,2.768790912499983,2.131149432499986,-0.01803553733333325,0.0547945205479452,27
5876,2499754,1612,73,-1,0,0,1,1,0,2.131149432499986,2.768790912499983,-0.0120897119999999,0.0,28
5967,2499754,1625,73,1,1,0,2,1,1,2.768790912499983,2.131149432499986,-0.0060448559999999,0.0555555555555555,28
5875,2499754,1612,72,-1,0,0,1,2,0,2.131149432499986,2.768790912499983,-0.0002795129999999248,0.0,29
5966,2499754,1625,72,1,1,0,2,1,1,2.768790912499983,2.131149432499986,0.004901792142857101,0.056338028169014,29
5874,2499754,1612,71,-1,0,0,1,2,0,2.131149432499986,2.768790912499983,-0.0021556391999999597,0.0,30
5965,2499754,1625,71,1,1,0,2,1,1,2.768790912499983,2.131149432499986,-0.004144972764705805,0.0571428571428571,30
5873,2499754,1612,70,-1,0,0,1,2,0,2.131149432499986,2.768790912499983,0.0014578440000000113,0.0,31
5964,2499754,1625,70,1,1,0,2,1,1,2.768790912499983,2.131149432499986,-0.004610471076923023,0.0579710144927536,31
5872,2499754,1612,69,-1,0,0,1,2,0,2.131149432499986,2.768790912499983,0.0061933249999999,0.0,32
5963,2499754,1625,69,1,1,0,2,1,1,2.768790912499983,2.131149432499986,-0.0069080859090909445,0.0588235294117647,32
5962,2499754,1625,68,1,1,0,2,1,1,2.768790912499983,2.131149432499986,-0.0009110017142856571,0.0597014925373134,33
5871,2499754,1612,67,-1,0,0,1,2,0,2.131149432499986,2.768790912499983,0.0007008505833332922,0.0,34
5961,2499754,1625,67,1,1,0,2,1,1,2.768790912499983,2.131149432499986,0.0003444683636363551,0.0606060606060606,34
5870,2499754,1612,66,-1,0,0,1,2,0,2.131149432499986,2.768790912499983,0.03505735799999995,0.0,35
5960,2499754,1625,66,1,1,0,2,1,1,2.768790912499983,2.131149432499986,0.05104767054545449,0.0615384615384615,35
5869,2499754,1612,65,-1,0,0,1,2,0,2.131149432499986,2.768790912499983,0.00727468662500002,0.0,36
5959,2499754,1625,65,1,1,0,2,1,1,2.768790912499983,2.131149432499986,0.038599380058823504,0.0625,36
5868,2499754,1612,64,-1,0,-1,1,2,0,2.131149432499986,2.768790912499983,0.0012081130000000334,0.0,37
5958,2499754,1625,64,1,1,0,2,1,1,2.768790912499983,2.131149432499986,0.004803062,0.0634920634920634,37
5867,2499754,1612,55,-1,0,-1,1,2,0,2.131149432499986,2.768790912499983,0.010718647333333234,0.0,46
5957,2499754,1625,55,1,1,1,2,1,1,2.768790912499983,2.131149432499986,0.012980809777777678,0.074074074074074,46
5866,2499754,1612,54,-1,0,-1,1,2,0,2.131149432499986,2.768790912499983,0.0018206139999999889,0.0,47
5956,2499754,1625,54,1,1,1,2,1,1,2.768790912499983,2.131149432499986,0.005341447266666614,0.0754716981132075,47
5865,2499754,1612,53,-1,0,-1,1,2,0,2.131149432499986,2.768790912499983,-0.0051541799999999,0.0,48
5955,2499754,1625,53,1,1,1,2,1,1,2.768790912499983,2.131149432499986,0.00208055379999998,0.0769230769230769,48
5864,2499754,1612,52,-1,0,-1,1,2,0,2.131149432499986,2.768790912499983,-0.00189646799999975,0.0,49
5954,2499754,1625,52,1,1,1,2,1,1,2.768790912499983,2.131149432499986,-0.0025748819999997763,0.0784313725490196,49
5863,2499754,1612,51,-1,0,-1,1,2,0,2.131149432499986,2.768790912499983,-0.00128253799999975,0.0,50
5953,2499754,1625,51,1,1,1,2,1,1,2.768790912499983,2.131149432499986,-0.0006076521904759333,0.08,50
5862,2499754,1612,50,-2,0,-1,1,2,0,2.131149432499986,2.768790912499983,0.05031807000000005,0.0,51
5952,2499754,1625,50,2,2,1,2,1,1,2.768790912499983,2.131149432499986,0.060371543200000065,0.0612244897959183,51
5861,2499754,1612,49,-2,0,-1,1,2,0,2.131149432499986,2.768790912499983,0.02751473009999999,0.0,52
5951,2499754,1625,49,2,2,1,2,1,1,2.768790912499983,2.131149432499986,0.009267856624999987,0.0625,52
5860,2499754,1612,48,-2,0,-1,1,2,0,2.131149432499986,2.768790912499983,0.0036478737499999626,0.0,53
5950,2499754,1625,48,2,2,1,2,1,1,2.768790912499983,2.131149432499986,0.012297139937499887,0.0638297872340425,53
5859,2499754,1612,47,-2,0,-1,1,2,0,2.131149432499986,2.768790912499983,0.012002843999999999,0.0,54
5949,2499754,1625,47,2,2,1,2,1,1,2.768790912499983,2.131149432499986,0.007137578269230731,0.0652173913043478,54
5858,2499754,1612,46,-2,0,-1,1,2,0,2.131149432499986,2.768790912499983,0.0005427659999998333,0.0,55
5948,2499754,1625,46,2,2,1,2,1,1,2.768790912499983,2.131149432499986,0.0007665919333331533,0.0666666666666666,55
5857,2499754,1612,45,-2,0,-1,1,2,0,2.131149432499986,2.768790912499983,0.0008832035384614469,0.0,56
5947,2499754,1625,45,2,2,1,2,1,1,2.768790912499983,2.131149432499986,0.0006509895999999278,0.0681818181818181,56
5856,2499754,1612,44,-2,0,-1,1,2,0,2.131149432499986,2.768790912499983,-0.003929579999999767,0.0,57
5946,2499754,1625,44,2,2,1,2,1,1,2.768790912499983,2.131149432499986,-0.004123923545454277,0.0697674418604651,57
5855,2499754,1612,43,-2,0,-1,1,2,0,2.131149432499986,2.768790912499983,0.0043103383846154,0.0,58
5945,2499754,1625,43,2,2,1,2,1,1,2.768790912499983,2.131149432499986,-0.0030528239999999636,0.0714285714285714,58
5854,2499754,1612,42,-2,0,-1,1,2,0,2.131149432499986,2.768790912499983,-0.0037395081538461462,0.0,59
5944,2499754,1625,42,2,2,1,2,1,1,2.768790912499983,2.131149432499986,-0.0001342979999999997,0.073170731707317,59
5853,2499754,1612,41,-2,0,-1,1,2,0,2.131149432499986,2.768790912499983,-0.0052907224999999,0.0,60
5943,2499754,1625,41,2,2,1,2,1,1,2.768790912499983,2.131149432499986,0.005646169454545546,0.075,60
5852,2499754,1612,40,-3,0,-1,1,2,0,2.131149432499986,2.768790912499983,-0.0034990632499999246,0.0,61
5942,2499754,1625,40,3,3,1,2,1,1,2.768790912499983,2.131149432499986,-0.0039282563636363,0.0512820512820512,61
5851,2499754,1612,39,-3,0,-1,1,2,0,2.131149432499986,2.768790912499983,0.0340256991111111,0.0,62
5941,2499754,1625,39,3,3,1,2,1,1,2.768790912499983,2.131149432499986,0.030862432000000002,0.0526315789473684,62
5850,2499754,1612,38,-3,0,-1,1,2,0,2.131149432499986,2.768790912499983,0.0243475359999999,0.0,63
5940,2499754,1625,38,3,3,1,2,1,1,2.768790912499983,2.131149432499986,0.021291581529411602,0.054054054054054,63
5849,2499754,1612,37,-3,0,-1,1,2,0,2.131149432499986,2.768790912499983,0.00481952999999995,0.0,64
5939,2499754,1625,37,3,3,1,2,1,1,2.768790912499983,2.131149432499986,0.016069876499999816,0.0555555555555555,64
5848,2499754,1612,36,-3,0,-1,1,2,0,2.131149432499986,2.768790912499983,-0.0100158199999999,0.0,65
5938,2499754,1625,36,3,3,1,2,1,1,2.768790912499983,2.131149432499986,-0.00952603199999992,0.0571428571428571,65
5847,2499754,1612,35,-3,0,-1,1,2,0,2.131149432499986,2.768790912499983,0.00044314133333335563,0.0,66
5937,2499754,1625,35,3,3,1,2,1,1,2.768790912499983,2.131149432499986,0.002372877214285707,0.0588235294117647,66
5846,2499754,1612,34,-3,0,-1,1,2,0,2.131149432499986,2.768790912499983,0.008826360599999859,0.0,67
5936,2499754,1625,34,3,3,1,2,1,1,2.768790912499983,2.131149432499986,0.00789074039999985,0.0606060606060606,67
5845,2499754,1612,33,-3,0,-1,1,2,0,2.131149432499986,2.768790912499983,-0.0005864390000000438,0.0,68
5935,2499754,1625,33,3,3,1,2,1,1,2.768790912499983,2.131149432499986,0.0009636939166667416,0.0625,68
5844,2499754,1612,32,-3,0,-1,1,2,0,2.131149432499986,2.768790912499983,-0.00272519750000005,0.0,69
5934,2499754,1625,32,3,3,1,2,1,1,2.768790912499983,2.131149432499986,0.007650645545454363,0.064516129032258,69
5843,2499754,1612,31,-3,0,-1,1,2,0,2.131149432499986,2.768790912499983,0.003968736999999875,0.0,70
5933,2499754,1625,31,3,3,1,2,1,1,2.768790912499983,2.131149432499986,-0.000909422636363591,0.0666666666666666,70
5842,2499754,1612,30,-3,0,-1,1,2,0,2.131149432499986,2.768790912499983,0.0050194229999999,0.0,71
5932,2499754,1625,30,3,3,1,2,1,1,2.768790912499983,2.131149432499986,0.003795588399999923,0.0689655172413793,71
5841,2499754,1612,29,-3,0,-1,1,2,0,2.131149432499986,2.768790912499983,0.0042487349999999,0.0,72
5931,2499754,1625,29,3,3,1,2,1,1,2.768790912499983,2.131149432499986,0.0038842028571427476,0.0714285714285714,72
5840,2499754,1612,28,-3,0,-1,1,2,0,2.131149432499986,2.768790912499983,0.02344771879999992,0.0,73
5930,2499754,1625,28,3,3,1,2,1,1,2.768790912499983,2.131149432499986,0.01976093790909082,0.074074074074074,73
5839,2499754,1612,27,-3,0,-1,1,2,0,2.131149432499986,2.768790912499983,0.012232686136363368,0.0,74
5929,2499754,1625,27,3,3,1,2,1,1,2.768790912499983,2.131149432499986,0.012479868499999925,0.0769230769230769,74
5928,2499754,1625,26,3,3,1,2,1,1,2.768790912499983,2.131149432499986,0.003241382727272591,0.08,75
5838,2499754,1612,25,-3,0,-1,1,2,0,2.131149432499986,2.768790912499983,0.0071660699999998995,0.0,76
5927,2499754,1625,25,3,3,1,2,1,1,2.768790912499983,2.131149432499986,0.0072262181249999,0.0833333333333333,76
5837,2499754,1612,24,-3,0,-1,1,2,0,2.131149432499986,2.768790912499983,0.0055765737272727225,0.0,77
5926,2499754,1625,24,3,3,1,2,1,1,2.768790912499983,2.131149432499986,0.0031494889999999854,0.0869565217391304,77
5836,2499754,1612,23,-3,0,-1,1,2,0,2.131149432499986,2.768790912499983,-0.0006213071999999597,0.0,78
5925,2499754,1625,23,3,3,1,2,1,1,2.768790912499983,2.131149432499986,-0.0002849999999999993,0.0909090909090909,78
5924,2499754,1625,22,3,3,1,2,1,1,2.768790912499983,2.131149432499986,0.006450936999999762,0.0952380952380952,79
5835,2499754,1612,21,-3,0,-1,1,2,0,2.131149432499986,2.768790912499983,0.005929371333333217,0.0,80
5923,2499754,1625,21,3,3,1,2,1,1,2.768790912499983,2.131149432499986,0.009971467076923,0.1,80
5834,2499754,1612,20,-3,0,-1,1,2,0,2.131149432499986,2.768790912499983,0.005052643000000017,0.0,81
5922,2499754,1625,20,3,3,1,2,1,1,2.768790912499983,2.131149432499986,0.012494233142857141,0.1052631578947368,81
5833,2499754,1612,19,-3,0,-1,1,2,0,2.131149432499986,2.768790912499983,-0.0080385093333332,0.0,82
5921,2499754,1625,19,3,3,1,2,1,1,2.768790912499983,2.131149432499986,-0.017512566199999784,0.1111111111111111,82
5832,2499754,1612,18,-3,0,-1,1,2,0,2.131149432499986,2.768790912499983,0.0008512500000000001,0.0,83
5920,2499754,1625,18,3,3,1,2,1,1,2.768790912499983,2.131149432499986,-0.007720800624999843,0.1176470588235294,83
5831,2499754,1612,17,-3,0,-1,1,2,0,2.131149432499986,2.768790912499983,0.00013234600000002367,0.0,84
5919,2499754,1625,17,3,3,1,2,1,1,2.768790912499983,2.131149432499986,7.91956000000413e-05,0.125,84
5830,2499754,1612,16,-4,0,-1,1,2,0,2.131149432499986,2.768790912499983,0.0265500129999998,0.0,85
5918,2499754,1625,16,4,4,1,2,1,1,2.768790912499983,2.131149432499986,0.018448427499999847,0.0666666666666666,85
5829,2499754,1612,15,-4,0,-1,1,2,0,2.131149432499986,2.768790912499983,0.014660225923076862,0.0,86
5917,2499754,1625,15,4,4,1,2,1,1,2.768790912499983,2.131149432499986,0.0033911834000000204,0.0714285714285714,86
5828,2499754,1612,14,-4,0,-1,1,2,0,2.131149432499986,2.768790912499983,-0.0016097929999999996,0.0,87
5916,2499754,1625,14,4,4,1,2,1,1,2.768790912499983,2.131149432499986,0.007023698947368474,0.0769230769230769,87
5827,2499754,1612,13,-4,0,-1,2,2,0,2.131149432499986,2.768790912499983,0.0091448639999999,0.0,88
5915,2499754,1625,13,4,4,1,2,1,1,2.768790912499983,2.131149432499986,0.013103714307692247,0.0833333333333333,88
5826,2499754,1612,12,-4,0,-1,2,2,0,2.131149432499986,2.768790912499983,0.0030482879999999,0.0,89
5914,2499754,1625,12,4,4,1,2,2,1,2.768790912499983,2.131149432499986,0.00066563093333322,0.0909090909090909,89
5825,2499754,1612,11,-4,0,-1,2,2,0,2.131149432499986,2.768790912499983,0.001356570285714243,0.0,90
5913,2499754,1625,11,4,4,1,2,2,1,2.768790912499983,2.131149432499986,-0.0014174511578948419,0.1,90
5824,2499754,1612,10,-4,0,-1,2,2,0,2.131149432499986,2.768790912499983,0.0079851199999999,0.0,91
5912,2499754,1625,10,4,4,1,2,2,1,2.768790912499983,2.131149432499986,0.007105864363636191,0.1111111111111111,91
5823,2499754,1612,9,-4,0,-1,2,2,0,2.131149432499986,2.768790912499983,-0.004676419555555466,0.0,92
5911,2499754,1625,9,4,4,1,2,2,1,2.768790912499983,2.131149432499986,-0.0020231919999999497,0.125,92
5822,2499754,1612,8,-4,0,-1,2,2,0,2.131149432499986,2.768790912499983,3.212516666665021e-05,0.0,93
5910,2499754,1625,8,4,4,1,2,2,1,2.768790912499983,2.131149432499986,0.003068871999999967,0.1428571428571428,93
5821,2499754,1612,7,-4,0,-1,2,2,0,2.131149432499986,2.768790912499983,-0.006085297333333222,0.0,94
5909,2499754,1625,7,4,4,1,2,2,1,2.768790912499983,2.131149432499986,0.007030472749999831,0.1666666666666666,94
5820,2499754,1612,6,-4,0,-1,2,2,0,2.131149432499986,2.768790912499983,0.0744911794999999,0.0,95
5908,2499754,1625,6,4,4,1,2,2,1,2.768790912499983,2.131149432499986,0.08680469542105244,0.2,95
5819,2499754,1612,5,-4,0,-1,2,2,0,2.131149432499986,2.768790912499983,0.03708073079999993,0.0,96
5907,2499754,1625,5,4,4,1,2,2,1,2.768790912499983,2.131149432499986,0.0494166779999999,0.25,96
5818,2499754,1612,4,-4,0,-1,2,2,0,2.131149432499986,2.768790912499983,-0.00023236900000001102,0.0,97
5906,2499754,1625,4,4,4,1,2,2,1,2.768790912499983,2.131149432499986,-0.006519195473684131,0.3333333333333333,97
5817,2499754,1612,3,-4,0,-1,2,2,0,2.131149432499986,2.768790912499983,0.00019328999999985045,0.0,98
5905,2499754,1625,3,4,4,1,2,2,1,2.768790912499983,2.131149432499986,-0.005154026315789589,0.5,98
5816,2499754,1612,2,-5,0,-1,2,2,0,2.131149432499986,2.768790912499983,0.0118855679999999,0.0,99
5904,2499754,1625,2,5,5,1,2,2,1,2.768790912499983,2.131149432499986,0.011034145294117483,0.0,99
5814,2499754,1612,0,-5,0,-1,2,2,0,2.131149432499986,2.768790912499983,0.0089360899999999,0.0,100
5815,2499754,1612,1,-5,0,-1,2,2,0,2.131149432499986,2.768790912499983,0.0104217859999999,0.0,100
18204,2499830,1609,96,0,0,0,0,0,1,2.2842107299999865,1.984901419999989,-0.00129756479999994,0.0202020202020202,1
18300,2499830,1624,96,0,0,0,0,0,0,1.984901419999989,2.2842107299999865,-0.0017300863999999466,0.0,1
18203,2499830,1609,95,0,0,0,0,0,1,2.2842107299999865,1.984901419999989,-0.000932763818181791,0.0204081632653061,2
18299,2499830,1624,95,0,0,0,0,0,0,1.984901419999989,2.2842107299999865,-0.00204347974999995,0.0,2
18202,2499830,1609,94,0,0,0,0,0,1,2.2842107299999865,1.984901419999989,0.0013580419999999998,0.0206185567010309,3
18298,2499830,1624,94,0,0,0,0,0,0,1.984901419999989,2.2842107299999865,0.000141955,0.0,3
18201,2499830,1609,93,0,0,0,0,0,1,2.2842107299999865,1.984901419999989,0.002432186285714286,0.0208333333333333,4
18297,2499830,1624,93,0,0,0,0,0,0,1.984901419999989,2.2842107299999865,0.00297255119999998,0.0,4
18200,2499830,1609,92,0,0,0,0,0,1,2.2842107299999865,1.984901419999989,-0.001201103111111111,0.0210526315789473,5
18296,2499830,1624,92,0,0,0,0,0,0,1.984901419999989,2.2842107299999865,-0.004529925272727263,0.0,5
18199,2499830,1609,91,0,0,0,0,0,1,2.2842107299999865,1.984901419999989,-0.002901591999999933,0.0212765957446808,6
18295,2499830,1624,91,0,0,0,0,0,0,1.984901419999989,2.2842107299999865,-0.0035595125999999064,0.0,6
18198,2499830,1609,90,0,0,0,0,0,1,2.2842107299999865,1.984901419999989,-0.0021774399999999667,0.021505376344086,7
18294,2499830,1624,90,0,0,0,0,0,0,1.984901419999989,2.2842107299999865,0.00014582719999998002,0.0,7
18197,2499830,1609,89,0,0,0,0,0,1,2.2842107299999865,1.984901419999989,0.0010893429999999501,0.0217391304347826,8
18293,2499830,1624,89,0,0,0,0,0,0,1.984901419999989,2.2842107299999865,0.0011626303999999299,0.0,8
18196,2499830,1609,88,0,0,0,0,0,1,2.2842107299999865,1.984901419999989,0.0025154665714285716,0.0219780219780219,9
18292,2499830,1624,88,0,0,0,0,0,0,1.984901419999989,2.2842107299999865,-0.0003726617142857143,0.0,9
18195,2499830,1609,87,0,0,0,0,0,1,2.2842107299999865,1.984901419999989,0.0065285199999999335,0.0222222222222222,10
18291,2499830,1624,87,0,0,0,0,0,0,1.984901419999989,2.2842107299999865,0.0072652339999999,0.0,10
18194,2499830,1609,86,0,0,0,0,0,1,2.2842107299999865,1.984901419999989,0.02546730493333317,0.0224719101123595,11
18290,2499830,1624,86,0,0,0,0,0,0,1.984901419999989,2.2842107299999865,0.02067293089999988,0.0,11
18193,2499830,1609,85,0,0,0,0,0,1,2.2842107299999865,1.984901419999989,-0.00875910280000001,0.0227272727272727,12
18289,2499830,1624,85,0,0,0,0,0,0,1.984901419999989,2.2842107299999865,-0.0008869595555555445,0.0,12
18192,2499830,1609,84,0,0,0,0,0,1,2.2842107299999865,1.984901419999989,0.001322088666666689,0.0229885057471264,13
18288,2499830,1624,84,0,0,0,0,0,0,1.984901419999989,2.2842107299999865,0.0020902159166667003,0.0,13
18191,2499830,1609,83,0,0,0,0,0,1,2.2842107299999865,1.984901419999989,0.0034504949999999853,0.0232558139534883,14
18287,2499830,1624,83,0,0,0,0,0,0,1.984901419999989,2.2842107299999865,0.0009487333333333334,0.0,14
18190,2499830,1609,82,0,0,0,0,0,1,2.2842107299999865,1.984901419999989,0.005568525999999938,0.0235294117647058,15
18286,2499830,1624,82,0,0,0,0,0,0,1.984901419999989,2.2842107299999865,0.008602935176470513,0.0,15
18189,2499830,1609,81,0,0,0,0,0,1,2.2842107299999865,1.984901419999989,0.003590071999999978,0.0238095238095238,16
18285,2499830,1624,81,0,0,0,0,0,0,1.984901419999989,2.2842107299999865,0.007707610625000031,0.0,16
18188,2499830,1609,80,0,0,0,0,0,1,2.2842107299999865,1.984901419999989,0.005976721666666667,0.0240963855421686,17
18284,2499830,1624,80,0,0,0,0,0,0,1.984901419999989,2.2842107299999865,0.003958841076923031,0.0,17
18187,2499830,1609,79,0,0,0,0,0,1,2.2842107299999865,1.984901419999989,0.001514455499999975,0.024390243902439,18
18283,2499830,1624,79,0,0,0,0,0,0,1.984901419999989,2.2842107299999865,-0.0002264877,0.0,18
18186,2499830,1609,78,0,0,0,0,0,1,2.2842107299999865,1.984901419999989,0.047387336399999924,0.0246913580246913,19
18282,2499830,1624,78,0,0,0,0,0,0,1.984901419999989,2.2842107299999865,-0.000999068571428571,0.0,19
18185,2499830,1609,77,0,0,0,0,0,1,2.2842107299999865,1.984901419999989,0.05030611199999993,0.025,20
18281,2499830,1624,77,0,0,0,0,0,0,1.984901419999989,2.2842107299999865,0.025153055999999948,0.0,20
18184,2499830,1609,76,0,0,0,0,0,1,2.2842107299999865,1.984901419999989,8.23085714287138e-06,0.0253164556962025,21
18280,2499830,1624,76,0,0,0,0,0,0,1.984901419999989,2.2842107299999865,0.001575667,0.0,21
18183,2499830,1609,75,0,0,0,0,0,1,2.2842107299999865,1.984901419999989,0.006893904099999899,0.0256410256410256,22
18279,2499830,1624,75,0,0,0,0,0,0,1.984901419999989,2.2842107299999865,0.00311094299999995,0.0,22
18182,2499830,1609,74,0,0,0,0,0,1,2.2842107299999865,1.984901419999989,0.0073877289999999055,0.0259740259740259,23
18278,2499830,1624,74,0,0,0,0,0,0,1.984901419999989,2.2842107299999865,0.0012534036363636362,0.0,23
18181,2499830,1609,73,0,0,0,0,0,1,2.2842107299999865,1.984901419999989,0.006495695333333267,0.0263157894736842,24
18277,2499830,1624,73,0,0,0,0,0,0,1.984901419999989,2.2842107299999865,0.00356969399999998,0.0,24
18180,2499830,1609,72,0,0,0,0,0,1,2.2842107299999865,1.984901419999989,0.0064098269999999,0.027027027027027,26
18276,2499830,1624,72,0,0,0,0,0,0,1.984901419999989,2.2842107299999865,0.0007943939999999,0.0,26
18179,2499830,1609,71,0,0,0,0,0,1,2.2842107299999865,1.984901419999989,-0.00138226159999993,0.0273972602739726,27
18275,2499830,1624,71,0,0,0,0,0,0,1.984901419999989,2.2842107299999865,-0.0005699764999999917,0.0,27
18178,2499830,1609,70,0,0,0,0,0,1,2.2842107299999865,1.984901419999989,0.030989891555555524,0.0277777777777777,28
18274,2499830,1624,70,0,0,0,0,0,0,1.984901419999989,2.2842107299999865,0.06311476199999991,0.0,28
18177,2499830,1609,69,0,0,0,0,0,1,2.2842107299999865,1.984901419999989,-0.003837143454545482,0.028169014084507,29
18273,2499830,1624,69,0,0,0,0,0,0,1.984901419999989,2.2842107299999865,-0.01296718699999993,0.0,29
18176,2499830,1609,68,0,0,0,0,0,1,2.2842107299999865,1.984901419999989,0.016251518666666617,0.0285714285714285,30
18272,2499830,1624,68,0,0,0,0,0,0,1.984901419999989,2.2842107299999865,0.010641926249999925,0.0,30
18175,2499830,1609,67,0,0,0,0,0,1,2.2842107299999865,1.984901419999989,-0.0017931704444444111,0.0289855072463768,31
18271,2499830,1624,67,0,0,0,0,0,0,1.984901419999989,2.2842107299999865,-0.003347811923076846,0.0,31
18174,2499830,1609,66,0,0,0,0,0,1,2.2842107299999865,1.984901419999989,-0.0006673418571428714,0.0294117647058823,32
18270,2499830,1624,66,0,0,0,0,0,0,1.984901419999989,2.2842107299999865,0.00035087709090908184,0.0,32
18173,2499830,1609,65,0,0,0,1,0,1,2.2842107299999865,1.984901419999989,0.0005424116666666556,0.0298507462686567,33
18269,2499830,1624,65,0,0,0,0,0,0,1.984901419999989,2.2842107299999865,0.001458993999999991,0.0,33
18172,2499830,1609,64,0,0,0,1,0,1,2.2842107299999865,1.984901419999989,0.0130098027499999,0.0303030303030303,34
18268,2499830,1624,64,0,0,0,0,1,0,1.984901419999989,2.2842107299999865,0.011859230727272636,0.0,34
18171,2499830,1609,63,0,0,0,1,0,1,2.2842107299999865,1.984901419999989,-0.009630373777777812,0.0307692307692307,35
18267,2499830,1624,63,0,0,0,0,1,0,1.984901419999989,2.2842107299999865,0.005726586666666583,0.0,35
18170,2499830,1609,62,0,0,0,1,0,1,2.2842107299999865,1.984901419999989,-6.541172727271837e-05,0.03125,36
18266,2499830,1624,62,0,0,0,0,1,0,1.984901419999989,2.2842107299999865,-0.00458113458823526,0.0,36
18169,2499830,1609,61,1,1,0,1,0,1,2.2842107299999865,1.984901419999989,-0.0013610624999999999,0.0158730158730158,37
18265,2499830,1624,61,-1,0,0,0,1,0,1.984901419999989,2.2842107299999865,-0.00108885,0.0,37
18264,2499830,1624,60,-1,0,0,0,1,0,1.984901419999989,2.2842107299999865,0.0009430780000000334,0.0,38
18168,2499830,1609,59,1,1,0,2,0,1,2.2842107299999865,1.984901419999989,0.0009868690000000273,0.0163934426229508,39
18263,2499830,1624,59,-1,0,0,0,2,0,1.984901419999989,2.2842107299999865,-0.0005279301999999599,0.0,39
18167,2499830,1609,58,1,1,0,2,0,1,2.2842107299999865,1.984901419999989,2.736344444444456e-05,0.0166666666666666,40
18262,2499830,1624,58,-1,0,0,0,2,0,1.984901419999989,2.2842107299999865,0.0010998121333332667,0.0,40
18166,2499830,1609,57,1,1,0,2,0,1,2.2842107299999865,1.984901419999989,0.0019295982857142143,0.0169491525423728,41
18261,2499830,1624,57,-1,0,0,0,2,0,1.984901419999989,2.2842107299999865,0.0009407862857142429,0.0,41
18165,2499830,1609,56,1,1,0,2,0,1,2.2842107299999865,1.984901419999989,0.005640187636363627,0.0172413793103448,42
18260,2499830,1624,56,-1,0,0,0,2,0,1.984901419999989,2.2842107299999865,-0.024221773333333266,0.0,42
18164,2499830,1609,55,2,2,0,2,0,1,2.2842107299999865,1.984901419999989,0.0644936039999999,0.0,43
18259,2499830,1624,55,-2,0,0,0,2,0,1.984901419999989,2.2842107299999865,0.0859914719999999,0.0,43
18163,2499830,1609,54,2,2,0,2,0,1,2.2842107299999865,1.984901419999989,0.018534503999999934,0.0,44
18258,2499830,1624,54,-2,0,0,0,2,0,1.984901419999989,2.2842107299999865,0.033176222999999935,0.0,44
18162,2499830,1609,53,2,2,0,2,0,1,2.2842107299999865,1.984901419999989,-0.0015654419999999998,0.0,45
18257,2499830,1624,53,-2,0,0,0,2,0,1.984901419999989,2.2842107299999865,0.000936362117647059,0.0,45
18161,2499830,1609,52,2,2,0,2,0,1,2.2842107299999865,1.984901419999989,0.00120726,0.0,46
18256,2499830,1624,52,-2,0,0,0,2,0,1.984901419999989,2.2842107299999865,0.0010563525,0.0,46
18160,2499830,1609,51,2,2,0,2,0,1,2.2842107299999865,1.984901419999989,-0.0002535952499999975,0.0,47
18255,2499830,1624,51,-2,0,0,0,2,0,1.984901419999989,2.2842107299999865,0.0004982618999999999,0.0,47
18159,2499830,1609,50,2,2,0,2,0,1,2.2842107299999865,1.984901419999989,0.002421936285714243,0.0,48
18254,2499830,1624,50,-2,0,0,0,2,0,1.984901419999989,2.2842107299999865,0.0037711727692306845,0.0,48
18158,2499830,1609,49,2,2,0,2,0,1,2.2842107299999865,1.984901419999989,0.0017941464,0.0,49
18253,2499830,1624,49,-2,0,0,0,2,0,1.984901419999989,2.2842107299999865,0.002425522333333322,0.0,49
18157,2499830,1609,48,2,2,0,2,0,1,2.2842107299999865,1.984901419999989,-0.0026958759999999838,0.0,51
18252,2499830,1624,48,-2,0,0,0,2,0,1.984901419999989,2.2842107299999865,0.00122936100000001,0.0,51
18156,2499830,1609,47,2,2,0,3,0,1,2.2842107299999865,1.984901419999989,0.0022960704,0.0,52
18251,2499830,1624,47,-2,0,0,0,3,0,1.984901419999989,2.2842107299999865,0.001324656,0.0,52
18155,2499830,1609,46,2,2,0,3,0,1,2.2842107299999865,1.984901419999989,0.009887208750000001,0.0,53
18250,2499830,1624,46,-2,0,0,0,3,0,1.984901419999989,2.2842107299999865,0.02838210511764706,0.0,53
18154,2499830,1609,45,2,2,0,3,1,1,2.2842107299999865,1.984901419999989,0.01779697575,0.0,54
18249,2499830,1624,45,-2,0,0,1,3,0,1.984901419999989,2.2842107299999865,0.01779697575,0.0,54
18153,2499830,1609,44,2,2,0,3,1,1,2.2842107299999865,1.984901419999989,0.0029827741111110332,0.0,55
18248,2499830,1624,44,-2,0,0,1,3,0,1.984901419999989,2.2842107299999865,-0.0006885527272727,0.0,55
18152,2499830,1609,43,2,2,0,3,1,1,2.2842107299999865,1.984901419999989,-0.0017672853333332832,0.0,56
18247,2499830,1624,43,-2,0,0,1,3,0,1.984901419999989,2.2842107299999865,-0.005875453285714185,0.0,56
18151,2499830,1609,42,2,2,0,3,1,1,2.2842107299999865,1.984901419999989,-0.006249526909090855,0.0,57
18246,2499830,1624,42,-2,0,0,1,3,0,1.984901419999989,2.2842107299999865,-0.0008792361818181906,0.0,57
18150,2499830,1609,41,2,2,0,3,1,1,2.2842107299999865,1.984901419999989,0.005365722666666801,0.0,58
18245,2499830,1624,41,-2,0,0,1,3,0,1.984901419999989,2.2842107299999865,-0.000586882333333175,0.0,58
18149,2499830,1609,40,2,2,0,3,1,1,2.2842107299999865,1.984901419999989,-0.001140540749999925,0.0,59
18244,2499830,1624,40,-2,0,0,1,3,0,1.984901419999989,2.2842107299999865,-0.00018618533333327508,0.0,59
18148,2499830,1609,39,2,2,0,3,1,1,2.2842107299999865,1.984901419999989,0.03967021885714283,0.0,60
18243,2499830,1624,39,-2,0,0,1,3,0,1.984901419999989,2.2842107299999865,0.05471654399999996,0.0,60
18147,2499830,1609,38,2,2,0,3,1,1,2.2842107299999865,1.984901419999989,-0.0005959123636363821,0.0,61
18242,2499830,1624,38,-2,0,0,1,3,0,1.984901419999989,2.2842107299999865,-0.0023367623999999898,0.0,61
18146,2499830,1609,37,2,2,0,3,1,1,2.2842107299999865,1.984901419999989,0.00057834539999994,0.0,62
18241,2499830,1624,37,-2,0,0,1,3,0,1.984901419999989,2.2842107299999865,-0.0022133648,0.0,62
18145,2499830,1609,36,2,2,0,3,1,1,2.2842107299999865,1.984901419999989,0.004005610285714304,0.0,63
18240,2499830,1624,36,-2,0,0,1,3,0,1.984901419999989,2.2842107299999865,0.00831190744444449,0.0,63
18144,2499830,1609,35,2,2,0,3,1,1,2.2842107299999865,1.984901419999989,0.024528206,0.0,64
18239,2499830,1624,35,-2,0,0,1,3,0,1.984901419999989,2.2842107299999865,0.01190590112500005,0.0,64
18143,2499830,1609,34,2,2,0,3,1,1,2.2842107299999865,1.984901419999989,-0.0030386295555555553,0.0,65
18238,2499830,1624,34,-2,0,0,1,3,0,1.984901419999989,2.2842107299999865,-0.002214552357142871,0.0,65
18142,2499830,1609,33,2,2,0,3,1,1,2.2842107299999865,1.984901419999989,-0.0004564440000000247,0.0,66
18237,2499830,1624,33,-2,0,0,1,3,0,1.984901419999989,2.2842107299999865,-0.001346135500000025,0.0,66
18141,2499830,1609,32,2,2,0,3,1,1,2.2842107299999865,1.984901419999989,0.0124896189999999,0.0,67
18236,2499830,1624,32,-2,0,0,1,3,0,1.984901419999989,2.2842107299999865,0.009562867636363536,0.0,67
18140,2499830,1609,31,2,2,0,3,1,1,2.2842107299999865,1.984901419999989,0.004643183571428529,0.0,68
18235,2499830,1624,31,-2,0,0,1,3,0,1.984901419999989,2.2842107299999865,0.001994757888888839,0.0,68
18139,2499830,1609,30,2,2,0,3,1,1,2.2842107299999865,1.984901419999989,0.01383623699999978,0.0,69
18234,2499830,1624,30,-2,0,0,1,3,0,1.984901419999989,2.2842107299999865,0.014676461679999774,0.0,69
18138,2499830,1609,29,2,2,0,3,1,1,2.2842107299999865,1.984901419999989,0.0034906445999999002,0.0,70
18233,2499830,1624,29,-2,0,0,1,3,0,1.984901419999989,2.2842107299999865,0.004291269999999956,0.0,70
18137,2499830,1609,28,2,2,0,3,1,1,2.2842107299999865,1.984901419999989,0.003476661333333334,0.0,71
18232,2499830,1624,28,-2,0,0,1,3,0,1.984901419999989,2.2842107299999865,0.0038514115714285715,0.0,71
18136,2499830,1609,27,2,2,0,3,1,1,2.2842107299999865,1.984901419999989,0.003487914090909082,0.0,72
18231,2499830,1624,27,-2,0,0,1,3,0,1.984901419999989,2.2842107299999865,0.003976861,0.0,72
18135,2499830,1609,26,2,2,0,3,1,1,2.2842107299999865,1.984901419999989,0.0007574973333333666,0.0,73
18230,2499830,1624,26,-2,0,0,1,3,0,1.984901419999989,2.2842107299999865,0.0003408738000000203,0.0,73
18134,2499830,1609,25,2,2,0,3,1,1,2.2842107299999865,1.984901419999989,0.005488608214285614,0.0,74
18229,2499830,1624,25,-2,0,0,1,3,0,1.984901419999989,2.2842107299999865,0.0034151339999999334,0.0,74
18133,2499830,1609,24,2,2,0,3,1,1,2.2842107299999865,1.984901419999989,0.00016595300000004994,0.0,76
18228,2499830,1624,24,-2,0,0,1,3,0,1.984901419999989,2.2842107299999865,-0.006608166357142899,0.0,76
18132,2499830,1609,23,2,2,0,3,1,1,2.2842107299999865,1.984901419999989,-0.0010147366666666728,0.0,77
18227,2499830,1624,23,-2,0,0,1,3,0,1.984901419999989,2.2842107299999865,-0.0011454520588235467,0.0,77
18131,2499830,1609,22,2,2,0,4,1,1,2.2842107299999865,1.984901419999989,-0.0018347049999999,0.0,78
18130,2499830,1609,21,2,2,0,4,1,1,2.2842107299999865,1.984901419999989,-0.00046017599999998533,0.0,79
18226,2499830,1624,21,-2,0,0,1,4,0,1.984901419999989,2.2842107299999865,0.0009278507499999585,0.0,79
18129,2499830,1609,20,2,2,0,4,1,1,2.2842107299999865,1.984901419999989,0.006239371499999825,0.0,80
18225,2499830,1624,20,-2,0,0,1,4,0,1.984901419999989,2.2842107299999865,0.005270522399999819,0.0,80
18128,2499830,1609,19,2,2,0,4,1,1,2.2842107299999865,1.984901419999989,0.02967036506249992,0.0,81
18224,2499830,1624,19,-2,0,0,1,4,0,1.984901419999989,2.2842107299999865,0.01523905199999996,0.0,81
18127,2499830,1609,18,2,2,0,4,1,1,2.2842107299999865,1.984901419999989,-0.02955818042857136,0.0,82
18223,2499830,1624,18,-2,0,0,1,4,0,1.984901419999989,2.2842107299999865,0.002281062399999974,0.0,82
18126,2499830,1609,17,2,2,0,4,1,1,2.2842107299999865,1.984901419999989,-0.0019281093846153538,0.0,83
18222,2499830,1624,17,-2,0,0,1,4,0,1.984901419999989,2.2842107299999865,0.009440142769230653,0.0,83
18125,2499830,1609,16,2,2,0,4,1,1,2.2842107299999865,1.984901419999989,-0.005127854199999881,0.0,84
18221,2499830,1624,16,-2,0,0,1,4,0,1.984901419999989,2.2842107299999865,0.0013302224999998749,0.0,84
18124,2499830,1609,15,2,2,0,4,1,1,2.2842107299999865,1.984901419999989,-0.0009135950000001502,0.0,85
18220,2499830,1624,15,-2,0,0,1,4,0,1.984901419999989,2.2842107299999865,-0.005206886277777839,0.0,85
18123,2499830,1609,14,2,2,0,4,1,1,2.2842107299999865,1.984901419999989,0.01533924399999991,0.0,86
18219,2499830,1624,14,-2,0,0,1,4,0,1.984901419999989,2.2842107299999865,0.020677517999999888,0.0,86
18122,2499830,1609,13,2,2,0,4,1,1,2.2842107299999865,1.984901419999989,0.00964911949999995,0.0,87
18218,2499830,1624,13,-2,0,0,1,4,0,1.984901419999989,2.2842107299999865,0.0040425462222221115,0.0,87
18121,2499830,1609,12,2,2,0,4,1,1,2.2842107299999865,1.984901419999989,-0.004352897142857086,0.0,88
18217,2499830,1624,12,-2,0,0,1,4,0,1.984901419999989,2.2842107299999865,-0.005242721923076877,0.0,88
18120,2499830,1609,11,2,2,0,4,1,1,2.2842107299999865,1.984901419999989,0.0029542585,0.0,89
18216,2499830,1624,11,-2,0,0,1,4,0,1.984901419999989,2.2842107299999865,0.0004163925,0.0,89
18119,2499830,1609,10,2,2,0,4,1,1,2.2842107299999865,1.984901419999989,-0.0057747657142857714,0.0,90
18215,2499830,1624,10,-2,0,0,1,4,0,1.984901419999989,2.2842107299999865,-0.004221344000000014,0.0,90
18118,2499830,1609,9,2,2,0,4,1,1,2.2842107299999865,1.984901419999989,0.004809593555555566,0.0,91
18214,2499830,1624,9,-2,0,0,1,4,0,1.984901419999989,2.2842107299999865,0.0034887423636363363,0.0,91
18117,2499830,1609,8,2,2,0,4,1,1,2.2842107299999865,1.984901419999989,-0.008332775666666622,0.0,92
18213,2499830,1624,8,-2,0,0,1,4,0,1.984901419999989,2.2842107299999865,-0.01789993092307683,0.0,92
18116,2499830,1609,7,2,2,0,4,1,1,2.2842107299999865,1.984901419999989,0.0007732331111110662,0.0,93
18212,2499830,1624,7,-2,0,0,1,4,0,1.984901419999989,2.2842107299999865,-0.001195830909090882,0.0,93
18115,2499830,1609,6,2,2,0,4,1,1,2.2842107299999865,1.984901419999989,-0.01000284542857133,0.0,94
18211,2499830,1624,6,-2,0,0,1,4,0,1.984901419999989,2.2842107299999865,-0.00460300799999994,0.0,94
18114,2499830,1609,5,2,2,0,4,1,1,2.2842107299999865,1.984901419999989,-0.0018111385714285999,0.0,95
18210,2499830,1624,5,-2,0,0,1,4,0,1.984901419999989,2.2842107299999865,-0.00111387840000004,0.0,95
18113,2499830,1609,4,2,2,0,4,1,1,2.2842107299999865,1.984901419999989,0.00012870045454544538,0.0,96
18209,2499830,1624,4,-2,0,0,1,4,0,1.984901419999989,2.2842107299999865,0.0012027785714285501,0.0,96
18112,2499830,1609,3,2,2,0,4,1,1,2.2842107299999865,1.984901419999989,-0.0016266294285713998,0.0,97
18208,2499830,1624,3,-2,0,0,1,4,0,1.984901419999989,2.2842107299999865,-0.00252268049999995,0.0,97
18111,2499830,1609,2,2,2,0,4,1,1,2.2842107299999865,1.984901419999989,0.00020284054545455452,0.0,98
18207,2499830,1624,2,-2,0,0,1,4,0,1.984901419999989,2.2842107299999865,0.0063386875333333,0.0,98
18110,2499830,1609,1,2,2,0,4,1,1,2.2842107299999865,1.984901419999989,0.005170894333333284,0.0,99
18206,2499830,1624,1,-2,0,0,1,4,0,1.984901419999989,2.2842107299999865,0.006377263555555489,0.0,99
18205,2499830,1624,0,-2,0,0,1,4,0,1.984901419999989,2.2842107299999865,-0.00058192,0.0,100
36161,2499943,1612,96,0,0,0,0,0,1,2.2403458824999865,2.489548169999984,0.0020676799999999637,0.0404040404040404,1
36256,2499943,1625,96,0,0,0,0,0,0,2.489548169999984,2.2403458824999865,0.0028430599999999667,0.0303030303030303,1
36160,2499943,1612,95,0,0,0,0,0,1,2.2403458824999865,2.489548169999984,-0.0022813334736841843,0.0408163265306122,2
36255,2499943,1625,95,0,0,0,0,0,0,2.489548169999984,2.2403458824999865,0.0004073080624999687,0.0306122448979591,2
36159,2499943,1612,94,0,0,0,0,0,1,2.2403458824999865,2.489548169999984,0.058849240105263156,0.0412371134020618,3
36254,2499943,1625,94,0,0,0,0,0,0,2.489548169999984,2.2403458824999865,0.029679746333333364,0.0309278350515463,3
36158,2499943,1612,93,0,0,0,0,0,1,2.2403458824999865,2.489548169999984,0.024201713199999954,0.0416666666666666,4
36253,2499943,1625,93,0,0,0,0,0,0,2.489548169999984,2.2403458824999865,0.020029607833333275,0.03125,4
36157,2499943,1612,92,0,0,0,0,0,1,2.2403458824999865,2.489548169999984,-0.0004779483333333167,0.0421052631578947,5
36252,2499943,1625,92,0,0,0,0,0,0,2.489548169999984,2.2403458824999865,-0.0002678434210526579,0.031578947368421,5
36156,2499943,1612,91,0,0,0,0,0,1,2.2403458824999865,2.489548169999984,-0.0014928779999999716,0.0425531914893617,6
36251,2499943,1625,91,0,0,0,0,0,0,2.489548169999984,2.2403458824999865,-0.0033144313846153388,0.0319148936170212,6
36155,2499943,1612,90,0,0,0,0,0,1,2.2403458824999865,2.489548169999984,0.005515219272727246,0.043010752688172,7
36250,2499943,1625,90,0,0,0,0,0,0,2.489548169999984,2.2403458824999865,0.014477870428571364,0.032258064516129,7
36154,2499943,1612,89,0,0,0,0,0,1,2.2403458824999865,2.489548169999984,0.00194434914285715,0.0434782608695652,8
36249,2499943,1625,89,0,0,0,0,0,0,2.489548169999984,2.2403458824999865,-0.0010259109999999582,0.0326086956521739,8
36153,2499943,1612,88,1,1,0,0,0,1,2.2403458824999865,2.489548169999984,0.00290871875,0.0329670329670329,9
36248,2499943,1625,88,-1,0,0,0,0,0,2.489548169999984,2.2403458824999865,0.0024762875,0.0329670329670329,9
36247,2499943,1625,87,-1,0,0,0,0,0,2.489548169999984,2.2403458824999865,-0.0006247474999999251,0.0333333333333333,10
36152,2499943,1612,86,1,1,0,0,0,1,2.2403458824999865,2.489548169999984,0.002215303909090873,0.0337078651685393,11
36246,2499943,1625,86,-1,0,0,0,0,0,2.489548169999984,2.2403458824999865,0.0019570505624999816,0.0337078651685393,11
36151,2499943,1612,85,1,1,0,0,0,1,2.2403458824999865,2.489548169999984,-0.0011555176249999474,0.034090909090909,12
36245,2499943,1625,85,-1,0,0,0,0,0,2.489548169999984,2.2403458824999865,-0.00042724329411764083,0.034090909090909,12
36150,2499943,1612,84,1,1,0,0,0,1,2.2403458824999865,2.489548169999984,-0.00011348585714286351,0.0344827586206896,13
36244,2499943,1625,84,-1,0,0,0,0,0,2.489548169999984,2.2403458824999865,-0.0003012782857142712,0.0344827586206896,13
36149,2499943,1612,83,1,1,0,0,0,1,2.2403458824999865,2.489548169999984,0.004967360999999963,0.0348837209302325,14
36243,2499943,1625,83,-1,0,0,0,0,0,2.489548169999984,2.2403458824999865,0.009310434999999907,0.0348837209302325,14
36148,2499943,1612,82,1,1,0,0,0,1,2.2403458824999865,2.489548169999984,0.00551139127272721,0.0352941176470588,15
36242,2499943,1625,82,-1,0,0,0,0,0,2.489548169999984,2.2403458824999865,0.0003892592000000007,0.0352941176470588,15
36147,2499943,1612,81,1,1,0,0,0,1,2.2403458824999865,2.489548169999984,-0.0014581593749999622,0.0357142857142857,16
36241,2499943,1625,81,-1,0,0,0,0,0,2.489548169999984,2.2403458824999865,-0.00176783959999994,0.0357142857142857,16
36146,2499943,1612,80,1,1,0,0,0,1,2.2403458824999865,2.489548169999984,0.003370370000000131,0.036144578313253,17
36240,2499943,1625,80,-1,0,0,0,0,0,2.489548169999984,2.2403458824999865,-0.00041538175000003326,0.036144578313253,17
36145,2499943,1612,79,1,1,0,0,0,1,2.2403458824999865,2.489548169999984,-0.003050218166666683,0.0365853658536585,18
36239,2499943,1625,79,-1,0,0,0,0,0,2.489548169999984,2.2403458824999865,-0.004300698000000022,0.0365853658536585,18
36144,2499943,1612,78,1,1,0,0,0,1,2.2403458824999865,2.489548169999984,-0.00084351849999995,0.037037037037037,19
36238,2499943,1625,78,-1,0,0,0,0,0,2.489548169999984,2.2403458824999865,0.002871055583333317,0.037037037037037,19
36143,2499943,1612,77,1,1,0,0,0,1,2.2403458824999865,2.489548169999984,0.1209216919999999,0.0375,20
36237,2499943,1625,77,-1,0,0,0,0,0,2.489548169999984,2.2403458824999865,0.10031737771428562,0.0375,20
36142,2499943,1612,76,1,1,0,0,0,1,2.2403458824999865,2.489548169999984,-0.014973427700000031,0.0379746835443038,21
36236,2499943,1625,76,-1,0,0,0,0,0,2.489548169999984,2.2403458824999865,0.011389673142857064,0.0379746835443038,21
36141,2499943,1612,75,1,1,0,0,0,1,2.2403458824999865,2.489548169999984,0.00197426999999995,0.0384615384615384,22
36235,2499943,1625,75,-1,0,0,0,0,0,2.489548169999984,2.2403458824999865,0.005536538142857044,0.0384615384615384,22
36140,2499943,1612,74,1,1,0,0,0,1,2.2403458824999865,2.489548169999984,-0.0003977959999999,0.0389610389610389,23
36234,2499943,1625,74,-1,0,0,0,0,0,2.489548169999984,2.2403458824999865,1.5433333333833269e-06,0.0389610389610389,23
36139,2499943,1612,73,1,1,0,0,0,1,2.2403458824999865,2.489548169999984,0.008104248,0.0394736842105263,24
36233,2499943,1625,73,-1,0,0,0,0,0,2.489548169999984,2.2403458824999865,0.0106200055,0.0394736842105263,24
36138,2499943,1612,72,1,1,0,0,0,1,2.2403458824999865,2.489548169999984,0.019517846888888787,0.0405405405405405,26
36232,2499943,1625,72,-1,0,0,0,0,0,2.489548169999984,2.2403458824999865,0.01061266239999992,0.0405405405405405,26
36231,2499943,1625,71,-1,0,0,0,0,0,2.489548169999984,2.2403458824999865,0.0017033344999999513,0.0410958904109589,27
36137,2499943,1612,70,1,1,0,0,0,1,2.2403458824999865,2.489548169999984,0.00755985119999978,0.0416666666666666,28
36230,2499943,1625,70,-1,0,0,0,0,0,2.489548169999984,2.2403458824999865,0.009940530086956246,0.0416666666666666,28
36136,2499943,1612,69,1,1,0,0,0,1,2.2403458824999865,2.489548169999984,0.0061727729999999,0.0422535211267605,29
36229,2499943,1625,69,-1,0,0,0,0,0,2.489548169999984,2.2403458824999865,0.0072864292499998625,0.0422535211267605,29
36135,2499943,1612,68,1,1,0,0,0,1,2.2403458824999865,2.489548169999984,0.015652321124999948,0.0428571428571428,30
36228,2499943,1625,68,-1,0,0,0,0,0,2.489548169999984,2.2403458824999865,0.014657412999999966,0.0428571428571428,30
36134,2499943,1612,67,1,1,0,0,0,1,2.2403458824999865,2.489548169999984,-0.00028015188888888857,0.0434782608695652,31
36227,2499943,1625,67,-1,0,0,0,0,0,2.489548169999984,2.2403458824999865,0.003398673090909045,0.0434782608695652,31
36133,2499943,1612,66,1,1,0,0,0,1,2.2403458824999865,2.489548169999984,0.004781883818181746,0.0441176470588235,32
36226,2499943,1625,66,-1,0,0,0,0,0,2.489548169999984,2.2403458824999865,0.0025455919999999715,0.0441176470588235,32
36132,2499943,1612,65,1,1,0,0,0,1,2.2403458824999865,2.489548169999984,0.0047232374999999,0.044776119402985,33
36225,2499943,1625,65,-1,0,0,0,0,0,2.489548169999984,2.2403458824999865,0.0031717894444443446,0.044776119402985,33
36131,2499943,1612,64,1,1,0,0,0,1,2.2403458824999865,2.489548169999984,-0.0071081954999999,0.0454545454545454,34
36224,2499943,1625,64,-1,0,0,0,0,0,2.489548169999984,2.2403458824999865,-0.006716090499999944,0.0454545454545454,34
36130,2499943,1612,63,1,1,0,0,0,1,2.2403458824999865,2.489548169999984,-0.0005316414285713282,0.0461538461538461,35
36223,2499943,1625,63,-1,0,0,0,0,0,2.489548169999984,2.2403458824999865,-0.001372832933333253,0.0461538461538461,35
36129,2499943,1612,62,1,1,0,0,0,1,2.2403458824999865,2.489548169999984,-0.006263720499999932,0.046875,36
36222,2499943,1625,62,-1,0,0,0,0,0,2.489548169999984,2.2403458824999865,-0.008981381999999894,0.046875,36
36128,2499943,1612,61,1,1,0,0,0,1,2.2403458824999865,2.489548169999984,0.0014810531111110747,0.0476190476190476,37
36221,2499943,1625,61,-1,0,0,0,0,0,2.489548169999984,2.2403458824999865,0.000642589764705832,0.0476190476190476,37
36127,2499943,1612,60,1,1,0,0,0,1,2.2403458824999865,2.489548169999984,0.0020576117142857148,0.0483870967741935,38
36220,2499943,1625,60,-1,0,0,0,0,0,2.489548169999984,2.2403458824999865,0.0029877889411764236,0.0483870967741935,38
36126,2499943,1612,59,1,1,0,0,0,1,2.2403458824999865,2.489548169999984,-0.0005148999999999641,0.0491803278688524,39
36219,2499943,1625,59,-1,0,0,0,0,0,2.489548169999984,2.2403458824999865,0.00156688579999995,0.0491803278688524,39
36125,2499943,1612,58,1,1,0,0,0,1,2.2403458824999865,2.489548169999984,-0.0006781025882351468,0.05,40
36218,2499943,1625,58,-1,0,0,0,0,0,2.489548169999984,2.2403458824999865,-9.959228571424945e-05,0.05,40
36124,2499943,1612,57,1,1,0,0,0,1,2.2403458824999865,2.489548169999984,0.007106600999999925,0.0508474576271186,41
36217,2499943,1625,57,-1,0,0,0,0,0,2.489548169999984,2.2403458824999865,0.0080720335714285,0.0508474576271186,41
36123,2499943,1612,56,0,1,0,0,0,1,2.2403458824999865,2.489548169999984,0.0082142055,0.0517241379310344,42
36216,2499943,1625,56,0,1,0,0,0,0,2.489548169999984,2.2403458824999865,0.0100395845,0.0344827586206896,42
36122,2499943,1612,55,0,1,0,0,0,1,2.2403458824999865,2.489548169999984,0.0042010992500000205,0.0526315789473684,43
36215,2499943,1625,55,0,1,0,0,0,0,2.489548169999984,2.2403458824999865,0.0008139441538461549,0.0350877192982456,43
36121,2499943,1612,54,0,1,0,0,0,1,2.2403458824999865,2.489548169999984,0.008855383812500018,0.0535714285714285,44
36214,2499943,1625,54,0,1,0,0,0,0,2.489548169999984,2.2403458824999865,0.007389350000000034,0.0357142857142857,44
36120,2499943,1612,53,0,1,0,0,0,1,2.2403458824999865,2.489548169999984,-0.0009278839999999328,0.0545454545454545,45
36213,2499943,1625,53,0,1,0,0,0,0,2.489548169999984,2.2403458824999865,0.001343769333333334,0.0363636363636363,45
36119,2499943,1612,52,0,1,0,0,0,1,2.2403458824999865,2.489548169999984,0.0001391825999999909,0.0555555555555555,46
36212,2499943,1625,52,0,1,0,0,0,0,2.489548169999984,2.2403458824999865,-0.0008165328999999591,0.037037037037037,46
36118,2499943,1612,51,0,1,0,0,0,1,2.2403458824999865,2.489548169999984,-0.00013448300000003317,0.0566037735849056,47
36211,2499943,1625,51,0,1,0,0,0,0,2.489548169999984,2.2403458824999865,-0.002836559153846123,0.0377358490566037,47
36117,2499943,1612,50,0,1,0,0,0,1,2.2403458824999865,2.489548169999984,0.0030747541818181277,0.0576923076923076,48
36210,2499943,1625,50,0,1,0,0,0,0,2.489548169999984,2.2403458824999865,0.0025142094285714,0.0384615384615384,48
36116,2499943,1612,49,0,1,0,0,0,1,2.2403458824999865,2.489548169999984,-0.0024720895999999297,0.0588235294117647,49
36209,2499943,1625,49,0,1,0,0,0,0,2.489548169999984,2.2403458824999865,-0.003380234615384519,0.0392156862745098,49
36115,2499943,1612,48,0,1,0,0,0,1,2.2403458824999865,2.489548169999984,0.00289597860000007,0.0612244897959183,51
36208,2499943,1625,48,0,1,0,0,0,0,2.489548169999984,2.2403458824999865,0.003918113523809661,0.0408163265306122,51
36114,2499943,1612,47,0,1,0,0,0,1,2.2403458824999865,2.489548169999984,0.0008032919999999923,0.0625,52
36207,2499943,1625,47,0,1,0,0,0,0,2.489548169999984,2.2403458824999865,0.0014519999285713856,0.0416666666666666,52
36113,2499943,1612,46,0,1,0,0,0,1,2.2403458824999865,2.489548169999984,7.498000000001422e-05,0.0638297872340425,53
36206,2499943,1625,46,0,1,0,0,0,0,2.489548169999984,2.2403458824999865,-0.001902274999999975,0.0425531914893617,53
36112,2499943,1612,45,0,1,0,0,0,1,2.2403458824999865,2.489548169999984,0.00075891275,0.0652173913043478,54
36205,2499943,1625,45,0,1,0,0,0,0,2.489548169999984,2.2403458824999865,0.002070411111111111,0.0434782608695652,54
36111,2499943,1612,44,0,1,0,0,0,1,2.2403458824999865,2.489548169999984,0.0016368456666666503,0.0666666666666666,55
36204,2499943,1625,44,0,1,0,0,0,0,2.489548169999984,2.2403458824999865,0.004305410545454518,0.0444444444444444,55
36110,2499943,1612,43,0,1,0,0,0,1,2.2403458824999865,2.489548169999984,0.0018413589090909093,0.0681818181818181,56
36203,2499943,1625,43,0,1,0,0,0,0,2.489548169999984,2.2403458824999865,0.0018863699090909,0.0454545454545454,56
36109,2499943,1612,42,0,1,0,0,0,1,2.2403458824999865,2.489548169999984,0.004798859214285721,0.0697674418604651,57
36202,2499943,1625,42,0,1,0,0,0,0,2.489548169999984,2.2403458824999865,0.023790354999999944,0.0465116279069767,57
36108,2499943,1612,41,0,1,0,0,0,1,2.2403458824999865,2.489548169999984,-0.00032932960000006065,0.0714285714285714,58
36201,2499943,1625,41,0,1,0,0,0,0,2.489548169999984,2.2403458824999865,0.0019769934285713757,0.0476190476190476,58
36107,2499943,1612,40,0,1,0,0,0,1,2.2403458824999865,2.489548169999984,0.0013901415000000124,0.073170731707317,59
36200,2499943,1625,40,0,1,0,0,0,0,2.489548169999984,2.2403458824999865,-0.0002147826666666334,0.048780487804878,59
36106,2499943,1612,39,0,1,0,0,0,1,2.2403458824999865,2.489548169999984,0.006718426499999992,0.075,60
36199,2499943,1625,39,0,1,0,0,0,0,2.489548169999984,2.2403458824999865,0.004129528888888878,0.05,60
36105,2499943,1612,38,0,1,0,0,0,1,2.2403458824999865,2.489548169999984,0.004397050199999921,0.0769230769230769,61
36198,2499943,1625,38,0,1,0,0,0,0,2.489548169999984,2.2403458824999865,0.00511416239999991,0.0512820512820512,61
36104,2499943,1612,37,0,1,0,0,0,1,2.2403458824999865,2.489548169999984,-0.000716080499999975,0.0789473684210526,62
36197,2499943,1625,37,0,1,0,0,0,0,2.489548169999984,2.2403458824999865,0.0010501932142856641,0.0526315789473684,62
36103,2499943,1612,36,1,2,0,0,0,1,2.2403458824999865,2.489548169999984,0.00017004290909090338,0.054054054054054,63
36196,2499943,1625,36,-1,1,0,0,0,0,2.489548169999984,2.2403458824999865,0.00040483884210529465,0.054054054054054,63
36102,2499943,1612,35,1,2,0,1,0,1,2.2403458824999865,2.489548169999984,3.797999999996978e-05,0.0555555555555555,64
36101,2499943,1612,34,1,2,0,1,0,1,2.2403458824999865,2.489548169999984,0.0014331649999998,0.0571428571428571,65
36195,2499943,1625,34,-1,1,0,0,1,0,2.489548169999984,2.2403458824999865,0.0016497236470586177,0.0571428571428571,65
36100,2499943,1612,33,2,3,0,1,0,1,2.2403458824999865,2.489548169999984,0.0056294053333331,0.0294117647058823,66
36194,2499943,1625,33,-2,1,0,0,1,0,2.489548169999984,2.2403458824999865,0.00282549949999985,0.0588235294117647,66
36099,2499943,1612,32,2,3,0,1,0,1,2.2403458824999865,2.489548169999984,0.005161439499999899,0.0303030303030303,67
36193,2499943,1625,32,-2,1,0,0,1,0,2.489548169999984,2.2403458824999865,0.0069338859285713135,0.0606060606060606,67
36098,2499943,1612,31,2,3,0,1,0,1,2.2403458824999865,2.489548169999984,0.0029172009999999496,0.03125,68
36192,2499943,1625,31,-2,1,0,0,1,0,2.489548169999984,2.2403458824999865,0.0002833628000000266,0.0625,68
36097,2499943,1612,30,2,3,0,1,0,1,2.2403458824999865,2.489548169999984,0.001956649999999925,0.032258064516129,69
36191,2499943,1625,30,-2,1,0,1,1,0,2.489548169999984,2.2403458824999865,0.0008878105454545364,0.064516129032258,69
36096,2499943,1612,29,2,3,0,1,1,1,2.2403458824999865,2.489548169999984,0.02304193979999988,0.0333333333333333,70
36190,2499943,1625,29,-2,1,0,1,1,0,2.489548169999984,2.2403458824999865,0.01018318199999994,0.0666666666666666,70
36095,2499943,1612,28,2,3,0,1,1,1,2.2403458824999865,2.489548169999984,0.011191854285714257,0.0344827586206896,71
36189,2499943,1625,28,-2,1,0,1,1,0,2.489548169999984,2.2403458824999865,0.012696907142857119,0.0689655172413793,71
36094,2499943,1612,27,3,4,0,1,1,1,2.2403458824999865,2.489548169999984,-0.00249337,0.0,72
36188,2499943,1625,27,-3,1,0,1,1,0,2.489548169999984,2.2403458824999865,-0.00249337,0.0714285714285714,72
36093,2499943,1612,26,3,4,0,1,1,1,2.2403458824999865,2.489548169999984,0.0002905935454545363,0.0,73
36187,2499943,1625,26,-3,1,0,2,1,0,2.489548169999984,2.2403458824999865,0.0008557580555554886,0.074074074074074,73
36092,2499943,1612,25,3,4,0,1,2,1,2.2403458824999865,2.489548169999984,0.002248208923076892,0.0,74
36186,2499943,1625,25,-3,1,0,2,1,0,2.489548169999984,2.2403458824999865,0.001980037875,0.0769230769230769,74
36091,2499943,1612,24,3,4,0,1,2,1,2.2403458824999865,2.489548169999984,0.0016108803333333328,0.0,76
36185,2499943,1625,24,-3,1,0,2,1,0,2.489548169999984,2.2403458824999865,0.00185770025,0.0833333333333333,76
36090,2499943,1612,23,3,4,0,1,2,1,2.2403458824999865,2.489548169999984,-0.0010895788571428859,0.0,77
36184,2499943,1625,23,-3,1,0,3,1,0,2.489548169999984,2.2403458824999865,0.0023556424444443886,0.0869565217391304,77
36089,2499943,1612,22,3,4,0,1,3,1,2.2403458824999865,2.489548169999984,0.004510654499999975,0.0,78
36183,2499943,1625,22,-3,1,0,3,1,0,2.489548169999984,2.2403458824999865,-0.0079337298888889,0.0909090909090909,78
36088,2499943,1612,21,3,4,0,1,3,1,2.2403458824999865,2.489548169999984,0.0016486847999999297,0.0,79
36182,2499943,1625,21,-3,1,0,3,1,0,2.489548169999984,2.2403458824999865,-0.003451901117647171,0.0952380952380952,79
36087,2499943,1612,20,3,4,0,1,3,1,2.2403458824999865,2.489548169999984,0.0008526840000000185,0.0,80
36181,2499943,1625,20,-3,1,0,3,1,0,2.489548169999984,2.2403458824999865,4.735200000002123e-05,0.1,80
36086,2499943,1612,19,3,4,0,1,3,1,2.2403458824999865,2.489548169999984,-0.019269933714285713,0.0,81
36180,2499943,1625,19,-3,1,0,3,1,0,2.489548169999984,2.2403458824999865,-0.029105155142857147,0.1052631578947368,81
36085,2499943,1612,18,3,4,0,1,3,1,2.2403458824999865,2.489548169999984,0.005878518571428485,0.0,82
36179,2499943,1625,18,-3,1,0,3,1,0,2.489548169999984,2.2403458824999865,0.00605196733333325,0.1111111111111111,82
36084,2499943,1612,17,3,4,0,1,3,1,2.2403458824999865,2.489548169999984,0.1184151499999999,0.0,83
36178,2499943,1625,17,-3,1,0,3,1,0,2.489548169999984,2.2403458824999865,0.1275675722499999,0.1176470588235294,83
36083,2499943,1612,16,3,4,0,1,3,1,2.2403458824999865,2.489548169999984,0.0802166609999999,0.0,84
36177,2499943,1625,16,-3,1,0,3,1,0,2.489548169999984,2.2403458824999865,0.13063857799999992,0.125,84
36082,2499943,1612,15,3,4,0,1,3,1,2.2403458824999865,2.489548169999984,-0.00044229958333331714,0.0,85
36176,2499943,1625,15,-3,1,0,3,1,0,2.489548169999984,2.2403458824999865,0.0008845991666666412,0.1333333333333333,85
36081,2499943,1612,14,3,4,0,1,3,1,2.2403458824999865,2.489548169999984,0.002953246499999991,0.0,86
36175,2499943,1625,14,-3,1,0,3,1,0,2.489548169999984,2.2403458824999865,0.0059490661764706,0.1428571428571428,86
36080,2499943,1612,13,3,4,0,1,3,1,2.2403458824999865,2.489548169999984,0.001152672249999937,0.0,87
36174,2499943,1625,13,-3,1,0,3,1,0,2.489548169999984,2.2403458824999865,0.0037688221176469935,0.1538461538461538,87
36079,2499943,1612,12,3,4,0,1,3,1,2.2403458824999865,2.489548169999984,0.0022417924999999497,0.0,88
36173,2499943,1625,12,-3,1,0,3,1,0,2.489548169999984,2.2403458824999865,0.002358780866666586,0.1666666666666666,88
36078,2499943,1612,11,2,4,0,1,3,1,2.2403458824999865,2.489548169999984,0.004553166857142757,0.0,89
36172,2499943,1625,11,-2,2,0,3,1,0,2.489548169999984,2.2403458824999865,0.008638166181818082,0.0909090909090909,89
36077,2499943,1612,10,2,4,0,1,3,1,2.2403458824999865,2.489548169999984,0.0138845759999999,0.0,90
36171,2499943,1625,10,-2,2,0,3,1,0,2.489548169999984,2.2403458824999865,0.0186443857499999,0.1,90
36076,2499943,1612,9,2,4,0,1,3,1,2.2403458824999865,2.489548169999984,0.0019773559999999553,0.0,91
36170,2499943,1625,9,-2,2,0,3,1,0,2.489548169999984,2.2403458824999865,0.000680465357142814,0.1111111111111111,91
36075,2499943,1612,8,2,4,0,1,3,1,2.2403458824999865,2.489548169999984,0.00538589639999992,0.0,92
36169,2499943,1625,8,-2,2,0,3,1,0,2.489548169999984,2.2403458824999865,0.005462040642857042,0.125,92
36074,2499943,1612,7,2,4,0,1,3,1,2.2403458824999865,2.489548169999984,0.0041153849999999,0.0,93
36168,2499943,1625,7,-2,2,0,3,1,0,2.489548169999984,2.2403458824999865,0.004245409285714185,0.1428571428571428,93
36073,2499943,1612,6,2,4,0,1,3,1,2.2403458824999865,2.489548169999984,-0.0008277327999999336,0.0,94
36167,2499943,1625,6,-2,2,0,3,1,0,2.489548169999984,2.2403458824999865,0.00018582645454546276,0.1666666666666666,94
36072,2499943,1612,5,2,4,0,1,3,1,2.2403458824999865,2.489548169999984,-0.001512206222222234,0.0,95
36166,2499943,1625,5,-2,2,0,3,1,0,2.489548169999984,2.2403458824999865,-0.0026427045000000393,0.2,95
36071,2499943,1612,4,1,4,0,1,3,1,2.2403458824999865,2.489548169999984,0.028579854999999932,0.0,96
36165,2499943,1625,4,-1,3,0,3,1,0,2.489548169999984,2.2403458824999865,0.05049330888235277,0.0,96
36070,2499943,1612,3,1,4,0,1,3,1,2.2403458824999865,2.489548169999984,0.004064245999999966,0.0,97
36164,2499943,1625,3,-1,3,0,3,1,0,2.489548169999984,2.2403458824999865,0.0030252226666666665,0.0,97
36069,2499943,1612,2,1,4,0,2,3,1,2.2403458824999865,2.489548169999984,0.002463334499999999,0.0,98
36163,2499943,1625,2,-1,3,0,3,1,0,2.489548169999984,2.2403458824999865,0.0023518953749999995,0.0,98
36068,2499943,1612,0,1,4,0,2,3,1,2.2403458824999865,2.489548169999984,2.1567999999997907e-05,0.0,100
36162,2499943,1625,0,-1,3,0,3,2,0,2.489548169999984,2.2403458824999865,3.235199999999791e-05,0.0,100
50855,2500031,1610,96,0,0,0,0,0,1,2.648665424999987,1.9365624924999876,0.00015130657142857143,0.0101010101010101,1
50948,2500031,1624,96,0,0,0,0,0,0,1.9365624924999876,2.648665424999987,9.628599999999999e-05,0.0303030303030303,1
50854,2500031,1610,95,0,0,0,0,0,1,2.648665424999987,1.9365624924999876,-0.0013063406249999125,0.010204081632653,2
50947,2500031,1624,95,0,0,0,0,0,0,1.9365624924999876,2.648665424999987,-0.00015146285714286428,0.0306122448979591,2
50853,2500031,1610,94,0,0,0,0,0,1,2.648665424999987,1.9365624924999876,0.0020473983333333,0.0103092783505154,3
50946,2500031,1624,94,0,0,0,0,0,0,1.9365624924999876,2.648665424999987,0.0011716433333333223,0.0309278350515463,3
50852,2500031,1610,93,0,0,0,0,0,1,2.648665424999987,1.9365624924999876,-0.004691823208333276,0.0104166666666666,4
50945,2500031,1624,93,0,0,0,0,0,0,1.9365624924999876,2.648665424999987,-0.0006758817142857379,0.03125,4
50851,2500031,1610,92,0,0,0,0,0,1,2.648665424999987,1.9365624924999876,-0.00069152519999992,0.0105263157894736,5
50944,2500031,1624,92,0,0,0,0,0,0,1.9365624924999876,2.648665424999987,-0.0012904339999999133,0.031578947368421,5
50850,2500031,1610,91,0,0,0,0,0,1,2.648665424999987,1.9365624924999876,0.0003422069999999,0.0106382978723404,6
50943,2500031,1624,91,0,0,0,0,0,0,1.9365624924999876,2.648665424999987,0.0005131384999999,0.0319148936170212,6
50849,2500031,1610,90,0,0,0,0,0,1,2.648665424999987,1.9365624924999876,0.0009182635454545726,0.010752688172043,7
50942,2500031,1624,90,0,0,0,0,0,0,1.9365624924999876,2.648665424999987,0.005814468526315721,0.032258064516129,7
50848,2500031,1610,89,0,0,0,0,0,1,2.648665424999987,1.9365624924999876,0.0057841783999999395,0.0108695652173913,8
50941,2500031,1624,89,0,0,0,0,0,0,1.9365624924999876,2.648665424999987,0.0014989657692307463,0.0326086956521739,8
50847,2500031,1610,88,0,0,0,0,0,1,2.648665424999987,1.9365624924999876,-0.000845227111111078,0.0109890109890109,9
50940,2500031,1624,88,0,0,0,0,0,0,1.9365624924999876,2.648665424999987,-0.00212761029999993,0.0329670329670329,9
50846,2500031,1610,87,0,0,0,0,0,1,2.648665424999987,1.9365624924999876,0.06871657157142852,0.0111111111111111,10
50939,2500031,1624,87,0,0,0,0,0,0,1.9365624924999876,2.648665424999987,0.12855373247619037,0.0333333333333333,10
50845,2500031,1610,86,0,0,0,0,0,1,2.648665424999987,1.9365624924999876,0.04022729333333323,0.0112359550561797,11
50938,2500031,1624,86,0,0,0,0,0,0,1.9365624924999876,2.648665424999987,-0.002751141272727328,0.0337078651685393,11
50844,2500031,1610,85,0,0,0,0,0,1,2.648665424999987,1.9365624924999876,0.0003404787999999796,0.0113636363636363,12
50937,2500031,1624,85,0,0,0,0,0,0,1.9365624924999876,2.648665424999987,0.005368377875,0.034090909090909,12
50843,2500031,1610,84,0,0,0,0,0,1,2.648665424999987,1.9365624924999876,-4.2329500000120375e-05,0.0114942528735632,13
50936,2500031,1624,84,0,0,0,0,0,0,1.9365624924999876,2.648665424999987,-0.00063370026666682,0.0344827586206896,13
50842,2500031,1610,83,0,0,0,0,0,1,2.648665424999987,1.9365624924999876,-0.006012472,0.0116279069767441,14
50935,2500031,1624,83,0,0,0,0,0,0,1.9365624924999876,2.648665424999987,-0.003925412799999968,0.0348837209302325,14
50841,2500031,1610,82,0,0,0,0,0,1,2.648665424999987,1.9365624924999876,-0.003621705333333333,0.0117647058823529,15
50934,2500031,1624,82,0,0,0,0,0,0,1.9365624924999876,2.648665424999987,-0.0020099624545454548,0.0352941176470588,15
50840,2500031,1610,81,0,0,0,0,0,1,2.648665424999987,1.9365624924999876,-0.0007607255999999801,0.0119047619047619,16
50933,2500031,1624,81,0,0,0,0,0,0,1.9365624924999876,2.648665424999987,0.0036449399999998666,0.0357142857142857,16
50839,2500031,1610,80,0,0,0,0,0,1,2.648665424999987,1.9365624924999876,0.0012252879999999555,0.0120481927710843,17
50932,2500031,1624,80,0,0,0,0,0,0,1.9365624924999876,2.648665424999987,0.003202354153846061,0.036144578313253,17
50838,2500031,1610,79,0,0,0,0,0,1,2.648665424999987,1.9365624924999876,0.00482408599999995,0.0121951219512195,18
50931,2500031,1624,79,0,0,0,0,0,0,1.9365624924999876,2.648665424999987,-0.004017449142857122,0.0365853658536585,18
50837,2500031,1610,78,0,0,0,0,0,1,2.648665424999987,1.9365624924999876,0.0009688484615384845,0.0123456790123456,19
50930,2500031,1624,78,0,0,0,0,0,0,1.9365624924999876,2.648665424999987,0.001996562499999987,0.037037037037037,19
50836,2500031,1610,77,0,0,0,0,0,1,2.648665424999987,1.9365624924999876,-0.0010219616666666666,0.0125,20
50929,2500031,1624,77,0,0,0,0,0,0,1.9365624924999876,2.648665424999987,-0.000527991666666687,0.0375,20
50835,2500031,1610,76,0,0,0,0,0,1,2.648665424999987,1.9365624924999876,-2.298847418848171e-18,0.0126582278481012,21
50928,2500031,1624,76,0,0,0,0,0,0,1.9365624924999876,2.648665424999987,5.80599999999618e-05,0.0379746835443038,21
50834,2500031,1610,75,0,0,0,0,0,1,2.648665424999987,1.9365624924999876,0.0033385719999999195,0.0128205128205128,22
50927,2500031,1624,75,0,0,0,0,0,0,1.9365624924999876,2.648665424999987,0.003502597599999926,0.0384615384615384,22
50833,2500031,1610,74,0,0,0,0,0,1,2.648665424999987,1.9365624924999876,0.0005573465999999731,0.0129870129870129,23
50926,2500031,1624,74,0,0,0,0,0,0,1.9365624924999876,2.648665424999987,0.00043653828571426067,0.0389610389610389,23
50832,2500031,1610,73,0,0,0,0,0,1,2.648665424999987,1.9365624924999876,-0.003509622888888856,0.0131578947368421,24
50925,2500031,1624,73,0,0,0,0,0,0,1.9365624924999876,2.648665424999987,0.0016109502352941055,0.0394736842105263,24
50831,2500031,1610,72,0,0,0,0,0,1,2.648665424999987,1.9365624924999876,0.0007371594999999998,0.0135135135135135,26
50924,2500031,1624,72,0,0,0,0,0,0,1.9365624924999876,2.648665424999987,-0.000982879333333334,0.0405405405405405,26
50830,2500031,1610,71,0,0,0,0,0,1,2.648665424999987,1.9365624924999876,2.3500200000070018e-05,0.0136986301369863,27
50923,2500031,1624,71,0,0,0,0,0,0,1.9365624924999876,2.648665424999987,-0.0007400002499999256,0.0410958904109589,27
50829,2500031,1610,70,0,0,0,0,0,1,2.648665424999987,1.9365624924999876,-0.00015927969230765572,0.0138888888888888,28
50922,2500031,1624,70,0,0,0,0,0,0,1.9365624924999876,2.648665424999987,-0.00017303599999998583,0.0416666666666666,28
50828,2500031,1610,69,0,0,0,0,0,1,2.648665424999987,1.9365624924999876,0.013122570947368179,0.0140845070422535,29
50921,2500031,1624,69,0,0,0,0,0,0,1.9365624924999876,2.648665424999987,0.011583473333333134,0.0422535211267605,29
50827,2500031,1610,68,0,0,0,0,0,1,2.648665424999987,1.9365624924999876,0.00016345979999998943,0.0142857142857142,30
50920,2500031,1624,68,0,0,0,0,0,0,1.9365624924999876,2.648665424999987,0.006625171999999843,0.0428571428571428,30
50826,2500031,1610,67,1,1,0,0,0,1,2.648665424999987,1.9365624924999876,0.044798293,0.0,31
50919,2500031,1624,67,-1,0,0,0,0,0,1.9365624924999876,2.648665424999987,0.028981962,0.0434782608695652,31
50825,2500031,1610,66,1,1,0,0,0,1,2.648665424999987,1.9365624924999876,-0.005747116785714243,0.0,32
50918,2500031,1624,66,-1,0,0,0,0,0,1.9365624924999876,2.648665424999987,0.0020784444166666587,0.0441176470588235,32
50824,2500031,1610,65,1,1,0,0,0,1,2.648665424999987,1.9365624924999876,0.0020939759999999,0.0,33
50917,2500031,1624,65,-1,0,0,0,0,0,1.9365624924999876,2.648665424999987,0.0018662693333332833,0.044776119402985,33
50823,2500031,1610,63,1,1,0,0,0,1,2.648665424999987,1.9365624924999876,-0.00273126899999995,0.0,35
50916,2500031,1624,63,-1,0,0,0,0,0,1.9365624924999876,2.648665424999987,-0.0040071639999999424,0.0461538461538461,35
50822,2500031,1610,62,1,1,0,0,0,1,2.648665424999987,1.9365624924999876,0.009246956800000001,0.0,36
50915,2500031,1624,62,-1,0,0,0,0,0,1.9365624924999876,2.648665424999987,0.011191116857142849,0.046875,36
50821,2500031,1610,61,1,1,0,0,0,1,2.648665424999987,1.9365624924999876,-0.0005162244444443889,0.0,37
50914,2500031,1624,61,-1,0,0,0,0,0,1.9365624924999876,2.648665424999987,-0.0037929496874998564,0.0476190476190476,37
50820,2500031,1610,60,1,1,0,0,0,1,2.648665424999987,1.9365624924999876,0.00032827674999998753,0.0,38
50913,2500031,1624,60,-1,0,0,0,0,0,1.9365624924999876,2.648665424999987,0.0007538791111110555,0.0483870967741935,38
50819,2500031,1610,59,1,1,0,0,0,1,2.648665424999987,1.9365624924999876,0.002946766444444455,0.0,39
50912,2500031,1624,59,-1,0,0,0,0,0,1.9365624924999876,2.648665424999987,0.0029466236,0.0491803278688524,39
50818,2500031,1610,58,1,1,0,0,0,1,2.648665424999987,1.9365624924999876,0.0018471356666666667,0.0,40
50911,2500031,1624,58,-1,0,0,0,0,0,1.9365624924999876,2.648665424999987,0.0038858349999998858,0.05,40
50817,2500031,1610,57,1,1,0,0,0,1,2.648665424999987,1.9365624924999876,0.0024951968571427056,0.0,41
50910,2500031,1624,57,-1,0,0,0,0,0,1.9365624924999876,2.648665424999987,0.00300218416666654,0.0508474576271186,41
50816,2500031,1610,56,1,1,0,0,0,1,2.648665424999987,1.9365624924999876,0.008422885333333333,0.0,42
50909,2500031,1624,56,-1,0,0,0,0,0,1.9365624924999876,2.648665424999987,0.014914135133333327,0.0517241379310344,42
50815,2500031,1610,55,1,1,0,0,0,1,2.648665424999987,1.9365624924999876,0.008362746999999908,0.0,43
50908,2500031,1624,55,-1,0,0,0,0,0,1.9365624924999876,2.648665424999987,0.004392652857142799,0.0526315789473684,43
50814,2500031,1610,54,1,1,0,0,0,1,2.648665424999987,1.9365624924999876,0.004397191777777734,0.0,44
50907,2500031,1624,54,-1,0,0,0,0,0,1.9365624924999876,2.648665424999987,0.004188345999999944,0.0535714285714285,44
50813,2500031,1610,53,1,1,0,0,0,1,2.648665424999987,1.9365624924999876,0.013796070555555555,0.0,45
50906,2500031,1624,53,-1,0,0,0,0,0,1.9365624924999876,2.648665424999987,-0.015570381250000001,0.0545454545454545,45
50812,2500031,1610,52,1,1,0,0,0,1,2.648665424999987,1.9365624924999876,-0.017297842,0.0,46
50905,2500031,1624,52,-1,0,0,0,0,0,1.9365624924999876,2.648665424999987,0.010540666999999998,0.0555555555555555,46
50811,2500031,1610,51,0,1,0,0,0,1,2.648665424999987,1.9365624924999876,0.01487188299999995,0.0,47
50904,2500031,1624,51,0,1,0,0,0,0,1.9365624924999876,2.648665424999987,0.0168985691999999,0.0377358490566037,47
50810,2500031,1610,50,0,1,0,0,0,1,2.648665424999987,1.9365624924999876,-0.0005853617142858,0.0,48
50903,2500031,1624,50,0,1,0,0,0,0,1.9365624924999876,2.648665424999987,-0.001092126,0.0384615384615384,48
50809,2500031,1610,49,0,1,0,0,0,1,2.648665424999987,1.9365624924999876,0.000671341750000025,0.0,49
50902,2500031,1624,49,0,1,0,0,0,0,1.9365624924999876,2.648665424999987,0.0007093924705882471,0.0392156862745098,49
50808,2500031,1610,48,0,1,0,0,0,1,2.648665424999987,1.9365624924999876,0.00374379020000003,0.0,51
50901,2500031,1624,48,0,1,0,0,0,0,1.9365624924999876,2.648665424999987,0.00241639500000002,0.0408163265306122,51
50807,2500031,1610,47,0,1,0,0,0,1,2.648665424999987,1.9365624924999876,0.0002158309090909091,0.0,52
50900,2500031,1624,47,0,1,0,0,0,0,1.9365624924999876,2.648665424999987,0.0010407488571428573,0.0416666666666666,52
50806,2500031,1610,46,0,1,0,0,0,1,2.648665424999987,1.9365624924999876,0.000267051999999925,0.0,53
50899,2500031,1624,46,0,1,0,0,0,0,1.9365624924999876,2.648665424999987,-0.0005260267272726909,0.0425531914893617,53
50805,2500031,1610,45,0,1,0,0,0,1,2.648665424999987,1.9365624924999876,0.0022515199999998286,0.0,54
50898,2500031,1624,45,0,1,0,0,0,0,1.9365624924999876,2.648665424999987,0.0012743484999998625,0.0434782608695652,54
50804,2500031,1610,44,0,1,0,0,0,1,2.648665424999987,1.9365624924999876,0.002972527111111111,0.0,55
50897,2500031,1624,44,0,1,0,0,0,0,1.9365624924999876,2.648665424999987,0.004671295777777778,0.0444444444444444,55
50803,2500031,1610,43,0,1,0,0,0,1,2.648665424999987,1.9365624924999876,2.8758461538544635e-05,0.0,56
50896,2500031,1624,43,0,1,0,0,0,0,1.9365624924999876,2.648665424999987,-0.0003416192222221822,0.0454545454545454,56
50802,2500031,1610,42,0,1,0,0,0,1,2.648665424999987,1.9365624924999876,0.025393873428571374,0.0,57
50895,2500031,1624,42,0,1,0,0,0,0,1.9365624924999876,2.648665424999987,0.02120348826666661,0.0465116279069767,57
50801,2500031,1610,41,0,1,0,0,0,1,2.648665424999987,1.9365624924999876,0.015120656249999826,0.0,58
50894,2500031,1624,41,0,1,0,0,0,0,1.9365624924999876,2.648665424999987,0.0431859292499998,0.0476190476190476,58
50800,2500031,1610,40,0,1,0,0,0,1,2.648665424999987,1.9365624924999876,-0.0017938619999999504,0.0,59
50893,2500031,1624,40,0,1,0,0,0,0,1.9365624924999876,2.648665424999987,-0.0050431231666666,0.048780487804878,59
50799,2500031,1610,39,0,1,0,0,0,1,2.648665424999987,1.9365624924999876,-0.0026212049411764946,0.0,60
50892,2500031,1624,39,0,1,0,0,0,0,1.9365624924999876,2.648665424999987,-0.0003107521538461925,0.05,60
50798,2500031,1610,38,0,1,0,0,0,1,2.648665424999987,1.9365624924999876,-0.0006272654285714429,0.0,61
50891,2500031,1624,38,0,1,0,0,0,0,1.9365624924999876,2.648665424999987,0.00020908052631578406,0.0512820512820512,61
50797,2500031,1610,37,0,1,0,0,0,1,2.648665424999987,1.9365624924999876,0.009725731375000012,0.0,62
50890,2500031,1624,37,0,1,0,0,0,0,1.9365624924999876,2.648665424999987,0.0171849084,0.0526315789473684,62
50796,2500031,1610,36,0,1,0,0,0,1,2.648665424999987,1.9365624924999876,0.04593975174999996,0.0,63
50889,2500031,1624,36,0,1,0,0,0,0,1.9365624924999876,2.648665424999987,0.05551811733333333,0.054054054054054,63
50795,2500031,1610,35,0,1,0,0,0,1,2.648665424999987,1.9365624924999876,0.011435795499999925,0.0,64
50888,2500031,1624,35,0,1,0,0,0,0,1.9365624924999876,2.648665424999987,0.01415319615999996,0.0555555555555555,64
50794,2500031,1610,34,0,1,0,0,0,1,2.648665424999987,1.9365624924999876,0.0077887149999999,0.0,65
50887,2500031,1624,34,0,1,0,0,0,0,1.9365624924999876,2.648665424999987,0.007788714999999899,0.0571428571428571,65
50793,2500031,1610,33,-1,1,0,0,0,1,2.648665424999987,1.9365624924999876,-0.01742808879999992,0.0,66
50886,2500031,1624,33,1,2,0,0,0,0,1.9365624924999876,2.648665424999987,-0.00902559299999996,0.0294117647058823,66
50792,2500031,1610,32,-1,1,0,0,0,1,2.648665424999987,1.9365624924999876,0.007912200333333366,0.0,67
50885,2500031,1624,32,1,2,0,0,0,0,1.9365624924999876,2.648665424999987,0.023813306666666565,0.0303030303030303,67
50791,2500031,1610,31,-1,1,0,0,0,1,2.648665424999987,1.9365624924999876,-0.00485763906666652,0.0,68
50884,2500031,1624,31,1,2,0,0,0,0,1.9365624924999876,2.648665424999987,-0.00355905824999985,0.03125,68
50790,2500031,1610,30,-1,1,0,0,0,1,2.648665424999987,1.9365624924999876,-0.0009943306666666833,0.0,69
50883,2500031,1624,30,1,2,0,0,0,0,1.9365624924999876,2.648665424999987,-0.0014887960000000248,0.032258064516129,69
50789,2500031,1610,29,-2,1,0,0,0,1,2.648665424999987,1.9365624924999876,0.002984298999999916,0.0,70
50882,2500031,1624,29,2,3,0,0,0,0,1.9365624924999876,2.648665424999987,0.002969123090909009,0.0,70
50788,2500031,1610,28,-2,1,0,0,0,1,2.648665424999987,1.9365624924999876,0.00017146142857147142,0.0,71
50787,2500031,1610,27,-2,1,0,0,0,1,2.648665424999987,1.9365624924999876,0.007975714399999941,0.0,72
50881,2500031,1624,27,2,3,0,0,0,0,1.9365624924999876,2.648665424999987,0.007145070999999951,0.0,72
50786,2500031,1610,26,-2,1,0,0,0,1,2.648665424999987,1.9365624924999876,0.0031429502857142147,0.0,73
50880,2500031,1624,26,2,3,0,0,0,0,1.9365624924999876,2.648665424999987,0.002644293333333299,0.0,73
50785,2500031,1610,25,-2,1,0,0,0,1,2.648665424999987,1.9365624924999876,0.0015760248461537767,0.0,74
50879,2500031,1624,25,2,3,0,1,0,0,1.9365624924999876,2.648665424999987,0.0008573962499999867,0.0,74
50784,2500031,1610,24,-2,1,0,0,1,1,2.648665424999987,1.9365624924999876,0.004095755272727246,0.0,76
50878,2500031,1624,24,2,3,0,1,0,0,1.9365624924999876,2.648665424999987,0.002350281333333332,0.0,76
50783,2500031,1610,23,-2,1,0,0,1,1,2.648665424999987,1.9365624924999876,0.020274222666666574,0.0,77
50877,2500031,1624,23,2,3,0,1,0,0,1.9365624924999876,2.648665424999987,0.014308756166666598,0.0,77
50782,2500031,1610,22,-2,1,0,0,1,1,2.648665424999987,1.9365624924999876,-0.004847828666666683,0.0,78
50876,2500031,1624,22,2,3,0,1,0,0,1.9365624924999876,2.648665424999987,0.0013977569999999487,0.0,78
50781,2500031,1610,21,-2,1,0,0,1,1,2.648665424999987,1.9365624924999876,0.0007847427999999193,0.0,79
50875,2500031,1624,21,2,3,0,1,0,0,1.9365624924999876,2.648665424999987,0.0002598884999999666,0.0,79
50780,2500031,1610,20,-2,1,0,0,1,1,2.648665424999987,1.9365624924999876,0.009238179090909003,0.0,80
50874,2500031,1624,20,2,3,0,1,0,0,1.9365624924999876,2.648665424999987,0.00527986619999994,0.0,80
50779,2500031,1610,19,-2,1,0,0,1,1,2.648665424999987,1.9365624924999876,0.02214715711111111,0.0,81
50873,2500031,1624,19,2,3,0,1,0,0,1.9365624924999876,2.648665424999987,0.0031571353749999995,0.0,81
50778,2500031,1610,18,-2,1,0,0,1,1,2.648665424999987,1.9365624924999876,-0.005685272714285715,0.0,82
50872,2500031,1624,18,2,3,0,1,0,0,1.9365624924999876,2.648665424999987,-0.0099890490909091,0.0,82
50777,2500031,1610,17,-2,1,0,0,1,1,2.648665424999987,1.9365624924999876,0.02675939129411764,0.0,83
50871,2500031,1624,17,2,3,0,1,0,0,1.9365624924999876,2.648665424999987,0.005560547428571427,0.0,83
50776,2500031,1610,16,-2,1,0,0,1,1,2.648665424999987,1.9365624924999876,0.01889223579999991,0.0,84
50870,2500031,1624,16,2,3,0,1,0,0,1.9365624924999876,2.648665424999987,0.045372790599999956,0.0,84
50775,2500031,1610,15,-2,1,0,0,1,1,2.648665424999987,1.9365624924999876,0.0025052079999999797,0.0,85
50869,2500031,1624,15,2,3,0,1,0,0,1.9365624924999876,2.648665424999987,-0.0032928442222222337,0.0,85
50774,2500031,1610,14,-2,1,0,0,1,1,2.648665424999987,1.9365624924999876,0.006684297714285615,0.0,86
50868,2500031,1624,14,2,3,0,1,0,0,1.9365624924999876,2.648665424999987,0.002360719090909018,0.0,86
50773,2500031,1610,13,-2,1,0,0,1,1,2.648665424999987,1.9365624924999876,0.0027455192307692224,0.0,87
50867,2500031,1624,13,2,3,0,1,0,0,1.9365624924999876,2.648665424999987,0.0010385399999999993,0.0,87
50772,2500031,1610,12,-2,1,0,0,1,1,2.648665424999987,1.9365624924999876,-0.0023485866666666114,0.0,88
50866,2500031,1624,12,2,3,0,1,0,0,1.9365624924999876,2.648665424999987,-0.0018238064999999749,0.0,88
50771,2500031,1610,11,-2,1,0,0,1,1,2.648665424999987,1.9365624924999876,-0.0015591239999999406,0.0,89
50865,2500031,1624,11,2,3,0,1,0,0,1.9365624924999876,2.648665424999987,-0.00672958066666664,0.0,89
50770,2500031,1610,10,-2,1,0,0,1,1,2.648665424999987,1.9365624924999876,0.004915677727272729,0.0,90
50864,2500031,1624,10,2,3,0,1,0,0,1.9365624924999876,2.648665424999987,0.02077403373333333,0.0,90
50769,2500031,1610,9,-2,1,0,0,1,1,2.648665424999987,1.9365624924999876,-0.0029891991818182277,0.0,91
50863,2500031,1624,9,2,3,0,1,0,0,1.9365624924999876,2.648665424999987,-0.0013225908000000601,0.0,91
50768,2500031,1610,6,-2,1,0,0,1,1,2.648665424999987,1.9365624924999876,0.018964535642856988,0.0,94
50862,2500031,1624,6,2,3,0,1,0,0,1.9365624924999876,2.648665424999987,0.01822599599999983,0.0,94
50767,2500031,1610,5,-2,1,0,0,1,1,2.648665424999987,1.9365624924999876,0.006123908499999887,0.0,95
50861,2500031,1624,5,2,3,0,1,0,0,1.9365624924999876,2.648665424999987,0.002324059999999958,0.0,95
50766,2500031,1610,4,-2,1,0,0,1,1,2.648665424999987,1.9365624924999876,-0.0013279113333333407,0.0,96
50860,2500031,1624,4,2,3,0,1,0,0,1.9365624924999876,2.648665424999987,0.0012788703846153535,0.0,96
50765,2500031,1610,3,-2,1,0,0,1,1,2.648665424999987,1.9365624924999876,-0.017232051428571378,0.0,97
50859,2500031,1624,3,2,3,0,1,0,0,1.9365624924999876,2.648665424999987,-0.00908224389999999,0.0,97
50764,2500031,1610,2,-2,1,0,0,1,1,2.648665424999987,1.9365624924999876,0.006901575095238023,0.0,98
50858,2500031,1624,2,2,3,0,1,0,0,1.9365624924999876,2.648665424999987,0.004353223599999919,0.0,98
50763,2500031,1610,1,-2,1,0,0,1,1,2.648665424999987,1.9365624924999876,0.015221226857142759,0.0,99
50857,2500031,1624,1,2,3,0,1,0,0,1.9365624924999876,2.648665424999987,0.012778581333333233,0.0,99
50762,2500031,1610,0,-2,1,0,0,1,1,2.648665424999987,1.9365624924999876,0.0185989079999999,0.0,100
50856,2500031,1624,0,2,3,0,1,0,0,1.9365624924999876,2.648665424999987,0.0139491809999999,0.0,100
